Date,10Y_Inflation
2013-10-01,2.19
2013-10-02,2.19
2013-10-03,2.19
2013-10-04,2.19
2013-10-05,2.19
2013-10-06,2.19
2013-10-07,2.19
2013-10-08,2.19
2013-10-09,2.19
2013-10-10,2.19
2013-10-11,2.19
2013-10-12,2.19
2013-10-13,2.19
2013-10-14,2.19
2013-10-15,2.19
2013-10-16,2.19
2013-10-17,2.19
2013-10-18,2.19
2013-10-19,2.19
2013-10-20,2.19
2013-10-21,2.19
2013-10-22,2.19
2013-10-23,2.19
2013-10-24,2.19
2013-10-25,2.19
2013-10-26,2.19
2013-10-27,2.19
2013-10-28,2.19
2013-10-29,2.19
2013-10-30,2.19
2013-10-31,2.19
2013-11-01,2.17
2013-11-02,2.17
2013-11-03,2.17
2013-11-04,2.17
2013-11-05,2.17
2013-11-06,2.17
2013-11-07,2.17
2013-11-08,2.17
2013-11-09,2.17
2013-11-10,2.17
2013-11-11,2.17
2013-11-12,2.17
2013-11-13,2.17
2013-11-14,2.17
2013-11-15,2.17
2013-11-16,2.17
2013-11-17,2.17
2013-11-18,2.17
2013-11-19,2.17
2013-11-20,2.17
2013-11-21,2.17
2013-11-22,2.17
2013-11-23,2.17
2013-11-24,2.17
2013-11-25,2.17
2013-11-26,2.17
2013-11-27,2.17
2013-11-28,2.17
2013-11-29,2.17
2013-11-30,2.17
2013-12-01,2.16
2013-12-02,2.16
2013-12-03,2.16
2013-12-04,2.16
2013-12-05,2.16
2013-12-06,2.16
2013-12-07,2.16
2013-12-08,2.16
2013-12-09,2.16
2013-12-10,2.16
2013-12-11,2.16
2013-12-12,2.16
2013-12-13,2.16
2013-12-14,2.16
2013-12-15,2.16
2013-12-16,2.16
2013-12-17,2.16
2013-12-18,2.16
2013-12-19,2.16
2013-12-20,2.16
2013-12-21,2.16
2013-12-22,2.16
2013-12-23,2.16
2013-12-24,2.16
2013-12-25,2.16
2013-12-26,2.16
2013-12-27,2.16
2013-12-28,2.16
2013-12-29,2.16
2013-12-30,2.16
2013-12-31,2.16
2014-01-01,2.23
2014-01-02,2.23
2014-01-03,2.23
2014-01-04,2.23
2014-01-05,2.23
2014-01-06,2.23
2014-01-07,2.23
2014-01-08,2.23
2014-01-09,2.23
2014-01-10,2.23
2014-01-11,2.23
2014-01-12,2.23
2014-01-13,2.23
2014-01-14,2.23
2014-01-15,2.23
2014-01-16,2.23
2014-01-17,2.23
2014-01-18,2.23
2014-01-19,2.23
2014-01-20,2.23
2014-01-21,2.23
2014-01-22,2.23
2014-01-23,2.23
2014-01-24,2.23
2014-01-25,2.23
2014-01-26,2.23
2014-01-27,2.23
2014-01-28,2.23
2014-01-29,2.23
2014-01-30,2.23
2014-01-31,2.23
2014-02-01,2.16
2014-02-02,2.16
2014-02-03,2.16
2014-02-04,2.16
2014-02-05,2.16
2014-02-06,2.16
2014-02-07,2.16
2014-02-08,2.16
2014-02-09,2.16
2014-02-10,2.16
2014-02-11,2.16
2014-02-12,2.16
2014-02-13,2.16
2014-02-14,2.16
2014-02-15,2.16
2014-02-16,2.16
2014-02-17,2.16
2014-02-18,2.16
2014-02-19,2.16
2014-02-20,2.16
2014-02-21,2.16
2014-02-22,2.16
2014-02-23,2.16
2014-02-24,2.16
2014-02-25,2.16
2014-02-26,2.16
2014-02-27,2.16
2014-02-28,2.16
2014-03-01,2.16
2014-03-02,2.16
2014-03-03,2.16
2014-03-04,2.16
2014-03-05,2.16
2014-03-06,2.16
2014-03-07,2.16
2014-03-08,2.16
2014-03-09,2.16
2014-03-10,2.16
2014-03-11,2.16
2014-03-12,2.16
2014-03-13,2.16
2014-03-14,2.16
2014-03-15,2.16
2014-03-16,2.16
2014-03-17,2.16
2014-03-18,2.16
2014-03-19,2.16
2014-03-20,2.16
2014-03-21,2.16
2014-03-22,2.16
2014-03-23,2.16
2014-03-24,2.16
2014-03-25,2.16
2014-03-26,2.16
2014-03-27,2.16
2014-03-28,2.16
2014-03-29,2.16
2014-03-30,2.16
2014-03-31,2.16
2014-04-01,2.17
2014-04-02,2.17
2014-04-03,2.17
2014-04-04,2.17
2014-04-05,2.17
2014-04-06,2.17
2014-04-07,2.17
2014-04-08,2.17
2014-04-09,2.17
2014-04-10,2.17
2014-04-11,2.17
2014-04-12,2.17
2014-04-13,2.17
2014-04-14,2.17
2014-04-15,2.17
2014-04-16,2.17
2014-04-17,2.17
2014-04-18,2.17
2014-04-19,2.17
2014-04-20,2.17
2014-04-21,2.17
2014-04-22,2.17
2014-04-23,2.17
2014-04-24,2.17
2014-04-25,2.17
2014-04-26,2.17
2014-04-27,2.17
2014-04-28,2.17
2014-04-29,2.17
2014-04-30,2.17
2014-05-01,2.19
2014-05-02,2.19
2014-05-03,2.19
2014-05-04,2.19
2014-05-05,2.19
2014-05-06,2.19
2014-05-07,2.19
2014-05-08,2.19
2014-05-09,2.19
2014-05-10,2.19
2014-05-11,2.19
2014-05-12,2.19
2014-05-13,2.19
2014-05-14,2.19
2014-05-15,2.19
2014-05-16,2.19
2014-05-17,2.19
2014-05-18,2.19
2014-05-19,2.19
2014-05-20,2.19
2014-05-21,2.19
2014-05-22,2.19
2014-05-23,2.19
2014-05-24,2.19
2014-05-25,2.19
2014-05-26,2.19
2014-05-27,2.19
2014-05-28,2.19
2014-05-29,2.19
2014-05-30,2.19
2014-05-31,2.19
2014-06-01,2.23
2014-06-02,2.23
2014-06-03,2.23
2014-06-04,2.23
2014-06-05,2.23
2014-06-06,2.23
2014-06-07,2.23
2014-06-08,2.23
2014-06-09,2.23
2014-06-10,2.23
2014-06-11,2.23
2014-06-12,2.23
2014-06-13,2.23
2014-06-14,2.23
2014-06-15,2.23
2014-06-16,2.23
2014-06-17,2.23
2014-06-18,2.23
2014-06-19,2.23
2014-06-20,2.23
2014-06-21,2.23
2014-06-22,2.23
2014-06-23,2.23
2014-06-24,2.23
2014-06-25,2.23
2014-06-26,2.23
2014-06-27,2.23
2014-06-28,2.23
2014-06-29,2.23
2014-06-30,2.23
2014-07-01,2.26
2014-07-02,2.26
2014-07-03,2.26
2014-07-04,2.26
2014-07-05,2.26
2014-07-06,2.26
2014-07-07,2.26
2014-07-08,2.26
2014-07-09,2.26
2014-07-10,2.26
2014-07-11,2.26
2014-07-12,2.26
2014-07-13,2.26
2014-07-14,2.26
2014-07-15,2.26
2014-07-16,2.26
2014-07-17,2.26
2014-07-18,2.26
2014-07-19,2.26
2014-07-20,2.26
2014-07-21,2.26
2014-07-22,2.26
2014-07-23,2.26
2014-07-24,2.26
2014-07-25,2.26
2014-07-26,2.26
2014-07-27,2.26
2014-07-28,2.26
2014-07-29,2.26
2014-07-30,2.26
2014-07-31,2.26
2014-08-01,2.2
2014-08-02,2.2
2014-08-03,2.2
2014-08-04,2.2
2014-08-05,2.2
2014-08-06,2.2
2014-08-07,2.2
2014-08-08,2.2
2014-08-09,2.2
2014-08-10,2.2
2014-08-11,2.2
2014-08-12,2.2
2014-08-13,2.2
2014-08-14,2.2
2014-08-15,2.2
2014-08-16,2.2
2014-08-17,2.2
2014-08-18,2.2
2014-08-19,2.2
2014-08-20,2.2
2014-08-21,2.2
2014-08-22,2.2
2014-08-23,2.2
2014-08-24,2.2
2014-08-25,2.2
2014-08-26,2.2
2014-08-27,2.2
2014-08-28,2.2
2014-08-29,2.2
2014-08-30,2.2
2014-08-31,2.2
2014-09-01,2.07
2014-09-02,2.07
2014-09-03,2.07
2014-09-04,2.07
2014-09-05,2.07
2014-09-06,2.07
2014-09-07,2.07
2014-09-08,2.07
2014-09-09,2.07
2014-09-10,2.07
2014-09-11,2.07
2014-09-12,2.07
2014-09-13,2.07
2014-09-14,2.07
2014-09-15,2.07
2014-09-16,2.07
2014-09-17,2.07
2014-09-18,2.07
2014-09-19,2.07
2014-09-20,2.07
2014-09-21,2.07
2014-09-22,2.07
2014-09-23,2.07
2014-09-24,2.07
2014-09-25,2.07
2014-09-26,2.07
2014-09-27,2.07
2014-09-28,2.07
2014-09-29,2.07
2014-09-30,2.07
2014-10-01,1.92
2014-10-02,1.92
2014-10-03,1.92
2014-10-04,1.92
2014-10-05,1.92
2014-10-06,1.92
2014-10-07,1.92
2014-10-08,1.92
2014-10-09,1.92
2014-10-10,1.92
2014-10-11,1.92
2014-10-12,1.92
2014-10-13,1.92
2014-10-14,1.92
2014-10-15,1.92
2014-10-16,1.92
2014-10-17,1.92
2014-10-18,1.92
2014-10-19,1.92
2014-10-20,1.92
2014-10-21,1.92
2014-10-22,1.92
2014-10-23,1.92
2014-10-24,1.92
2014-10-25,1.92
2014-10-26,1.92
2014-10-27,1.92
2014-10-28,1.92
2014-10-29,1.92
2014-10-30,1.92
2014-10-31,1.92
2014-11-01,1.88
2014-11-02,1.88
2014-11-03,1.88
2014-11-04,1.88
2014-11-05,1.88
2014-11-06,1.88
2014-11-07,1.88
2014-11-08,1.88
2014-11-09,1.88
2014-11-10,1.88
2014-11-11,1.88
2014-11-12,1.88
2014-11-13,1.88
2014-11-14,1.88
2014-11-15,1.88
2014-11-16,1.88
2014-11-17,1.88
2014-11-18,1.88
2014-11-19,1.88
2014-11-20,1.88
2014-11-21,1.88
2014-11-22,1.88
2014-11-23,1.88
2014-11-24,1.88
2014-11-25,1.88
2014-11-26,1.88
2014-11-27,1.88
2014-11-28,1.88
2014-11-29,1.88
2014-11-30,1.88
2014-12-01,1.7
2014-12-02,1.7
2014-12-03,1.7
2014-12-04,1.7
2014-12-05,1.7
2014-12-06,1.7
2014-12-07,1.7
2014-12-08,1.7
2014-12-09,1.7
2014-12-10,1.7
2014-12-11,1.7
2014-12-12,1.7
2014-12-13,1.7
2014-12-14,1.7
2014-12-15,1.7
2014-12-16,1.7
2014-12-17,1.7
2014-12-18,1.7
2014-12-19,1.7
2014-12-20,1.7
2014-12-21,1.7
2014-12-22,1.7
2014-12-23,1.7
2014-12-24,1.7
2014-12-25,1.7
2014-12-26,1.7
2014-12-27,1.7
2014-12-28,1.7
2014-12-29,1.7
2014-12-30,1.7
2014-12-31,1.7
2015-01-01,1.61
2015-01-02,1.61
2015-01-03,1.61
2015-01-04,1.61
2015-01-05,1.61
2015-01-06,1.61
2015-01-07,1.61
2015-01-08,1.61
2015-01-09,1.61
2015-01-10,1.61
2015-01-11,1.61
2015-01-12,1.61
2015-01-13,1.61
2015-01-14,1.61
2015-01-15,1.61
2015-01-16,1.61
2015-01-17,1.61
2015-01-18,1.61
2015-01-19,1.61
2015-01-20,1.61
2015-01-21,1.61
2015-01-22,1.61
2015-01-23,1.61
2015-01-24,1.61
2015-01-25,1.61
2015-01-26,1.61
2015-01-27,1.61
2015-01-28,1.61
2015-01-29,1.61
2015-01-30,1.61
2015-01-31,1.61
2015-02-01,1.72
2015-02-02,1.72
2015-02-03,1.72
2015-02-04,1.72
2015-02-05,1.72
2015-02-06,1.72
2015-02-07,1.72
2015-02-08,1.72
2015-02-09,1.72
2015-02-10,1.72
2015-02-11,1.72
2015-02-12,1.72
2015-02-13,1.72
2015-02-14,1.72
2015-02-15,1.72
2015-02-16,1.72
2015-02-17,1.72
2015-02-18,1.72
2015-02-19,1.72
2015-02-20,1.72
2015-02-21,1.72
2015-02-22,1.72
2015-02-23,1.72
2015-02-24,1.72
2015-02-25,1.72
2015-02-26,1.72
2015-02-27,1.72
2015-02-28,1.72
2015-03-01,1.76
2015-03-02,1.76
2015-03-03,1.76
2015-03-04,1.76
2015-03-05,1.76
2015-03-06,1.76
2015-03-07,1.76
2015-03-08,1.76
2015-03-09,1.76
2015-03-10,1.76
2015-03-11,1.76
2015-03-12,1.76
2015-03-13,1.76
2015-03-14,1.76
2015-03-15,1.76
2015-03-16,1.76
2015-03-17,1.76
2015-03-18,1.76
2015-03-19,1.76
2015-03-20,1.76
2015-03-21,1.76
2015-03-22,1.76
2015-03-23,1.76
2015-03-24,1.76
2015-03-25,1.76
2015-03-26,1.76
2015-03-27,1.76
2015-03-28,1.76
2015-03-29,1.76
2015-03-30,1.76
2015-03-31,1.76
2015-04-01,1.86
2015-04-02,1.86
2015-04-03,1.86
2015-04-04,1.86
2015-04-05,1.86
2015-04-06,1.86
2015-04-07,1.86
2015-04-08,1.86
2015-04-09,1.86
2015-04-10,1.86
2015-04-11,1.86
2015-04-12,1.86
2015-04-13,1.86
2015-04-14,1.86
2015-04-15,1.86
2015-04-16,1.86
2015-04-17,1.86
2015-04-18,1.86
2015-04-19,1.86
2015-04-20,1.86
2015-04-21,1.86
2015-04-22,1.86
2015-04-23,1.86
2015-04-24,1.86
2015-04-25,1.86
2015-04-26,1.86
2015-04-27,1.86
2015-04-28,1.86
2015-04-29,1.86
2015-04-30,1.86
2015-05-01,1.87
2015-05-02,1.87
2015-05-03,1.87
2015-05-04,1.87
2015-05-05,1.87
2015-05-06,1.87
2015-05-07,1.87
2015-05-08,1.87
2015-05-09,1.87
2015-05-10,1.87
2015-05-11,1.87
2015-05-12,1.87
2015-05-13,1.87
2015-05-14,1.87
2015-05-15,1.87
2015-05-16,1.87
2015-05-17,1.87
2015-05-18,1.87
2015-05-19,1.87
2015-05-20,1.87
2015-05-21,1.87
2015-05-22,1.87
2015-05-23,1.87
2015-05-24,1.87
2015-05-25,1.87
2015-05-26,1.87
2015-05-27,1.87
2015-05-28,1.87
2015-05-29,1.87
2015-05-30,1.87
2015-05-31,1.87
2015-06-01,1.86
2015-06-02,1.86
2015-06-03,1.86
2015-06-04,1.86
2015-06-05,1.86
2015-06-06,1.86
2015-06-07,1.86
2015-06-08,1.86
2015-06-09,1.86
2015-06-10,1.86
2015-06-11,1.86
2015-06-12,1.86
2015-06-13,1.86
2015-06-14,1.86
2015-06-15,1.86
2015-06-16,1.86
2015-06-17,1.86
2015-06-18,1.86
2015-06-19,1.86
2015-06-20,1.86
2015-06-21,1.86
2015-06-22,1.86
2015-06-23,1.86
2015-06-24,1.86
2015-06-25,1.86
2015-06-26,1.86
2015-06-27,1.86
2015-06-28,1.86
2015-06-29,1.86
2015-06-30,1.86
2015-07-01,1.82
2015-07-02,1.82
2015-07-03,1.82
2015-07-04,1.82
2015-07-05,1.82
2015-07-06,1.82
2015-07-07,1.82
2015-07-08,1.82
2015-07-09,1.82
2015-07-10,1.82
2015-07-11,1.82
2015-07-12,1.82
2015-07-13,1.82
2015-07-14,1.82
2015-07-15,1.82
2015-07-16,1.82
2015-07-17,1.82
2015-07-18,1.82
2015-07-19,1.82
2015-07-20,1.82
2015-07-21,1.82
2015-07-22,1.82
2015-07-23,1.82
2015-07-24,1.82
2015-07-25,1.82
2015-07-26,1.82
2015-07-27,1.82
2015-07-28,1.82
2015-07-29,1.82
2015-07-30,1.82
2015-07-31,1.82
2015-08-01,1.61
2015-08-02,1.61
2015-08-03,1.61
2015-08-04,1.61
2015-08-05,1.61
2015-08-06,1.61
2015-08-07,1.61
2015-08-08,1.61
2015-08-09,1.61
2015-08-10,1.61
2015-08-11,1.61
2015-08-12,1.61
2015-08-13,1.61
2015-08-14,1.61
2015-08-15,1.61
2015-08-16,1.61
2015-08-17,1.61
2015-08-18,1.61
2015-08-19,1.61
2015-08-20,1.61
2015-08-21,1.61
2015-08-22,1.61
2015-08-23,1.61
2015-08-24,1.61
2015-08-25,1.61
2015-08-26,1.61
2015-08-27,1.61
2015-08-28,1.61
2015-08-29,1.61
2015-08-30,1.61
2015-08-31,1.61
2015-09-01,1.52
2015-09-02,1.52
2015-09-03,1.52
2015-09-04,1.52
2015-09-05,1.52
2015-09-06,1.52
2015-09-07,1.52
2015-09-08,1.52
2015-09-09,1.52
2015-09-10,1.52
2015-09-11,1.52
2015-09-12,1.52
2015-09-13,1.52
2015-09-14,1.52
2015-09-15,1.52
2015-09-16,1.52
2015-09-17,1.52
2015-09-18,1.52
2015-09-19,1.52
2015-09-20,1.52
2015-09-21,1.52
2015-09-22,1.52
2015-09-23,1.52
2015-09-24,1.52
2015-09-25,1.52
2015-09-26,1.52
2015-09-27,1.52
2015-09-28,1.52
2015-09-29,1.52
2015-09-30,1.52
2015-10-01,1.5
2015-10-02,1.5
2015-10-03,1.5
2015-10-04,1.5
2015-10-05,1.5
2015-10-06,1.5
2015-10-07,1.5
2015-10-08,1.5
2015-10-09,1.5
2015-10-10,1.5
2015-10-11,1.5
2015-10-12,1.5
2015-10-13,1.5
2015-10-14,1.5
2015-10-15,1.5
2015-10-16,1.5
2015-10-17,1.5
2015-10-18,1.5
2015-10-19,1.5
2015-10-20,1.5
2015-10-21,1.5
2015-10-22,1.5
2015-10-23,1.5
2015-10-24,1.5
2015-10-25,1.5
2015-10-26,1.5
2015-10-27,1.5
2015-10-28,1.5
2015-10-29,1.5
2015-10-30,1.5
2015-10-31,1.5
2015-11-01,1.57
2015-11-02,1.57
2015-11-03,1.57
2015-11-04,1.57
2015-11-05,1.57
2015-11-06,1.57
2015-11-07,1.57
2015-11-08,1.57
2015-11-09,1.57
2015-11-10,1.57
2015-11-11,1.57
2015-11-12,1.57
2015-11-13,1.57
2015-11-14,1.57
2015-11-15,1.57
2015-11-16,1.57
2015-11-17,1.57
2015-11-18,1.57
2015-11-19,1.57
2015-11-20,1.57
2015-11-21,1.57
2015-11-22,1.57
2015-11-23,1.57
2015-11-24,1.57
2015-11-25,1.57
2015-11-26,1.57
2015-11-27,1.57
2015-11-28,1.57
2015-11-29,1.57
2015-11-30,1.57
2015-12-01,1.51
2015-12-02,1.51
2015-12-03,1.51
2015-12-04,1.51
2015-12-05,1.51
2015-12-06,1.51
2015-12-07,1.51
2015-12-08,1.51
2015-12-09,1.51
2015-12-10,1.51
2015-12-11,1.51
2015-12-12,1.51
2015-12-13,1.51
2015-12-14,1.51
2015-12-15,1.51
2015-12-16,1.51
2015-12-17,1.51
2015-12-18,1.51
2015-12-19,1.51
2015-12-20,1.51
2015-12-21,1.51
2015-12-22,1.51
2015-12-23,1.51
2015-12-24,1.51
2015-12-25,1.51
2015-12-26,1.51
2015-12-27,1.51
2015-12-28,1.51
2015-12-29,1.51
2015-12-30,1.51
2015-12-31,1.51
2016-01-01,1.42
2016-01-02,1.42
2016-01-03,1.42
2016-01-04,1.42
2016-01-05,1.42
2016-01-06,1.42
2016-01-07,1.42
2016-01-08,1.42
2016-01-09,1.42
2016-01-10,1.42
2016-01-11,1.42
2016-01-12,1.42
2016-01-13,1.42
2016-01-14,1.42
2016-01-15,1.42
2016-01-16,1.42
2016-01-17,1.42
2016-01-18,1.42
2016-01-19,1.42
2016-01-20,1.42
2016-01-21,1.42
2016-01-22,1.42
2016-01-23,1.42
2016-01-24,1.42
2016-01-25,1.42
2016-01-26,1.42
2016-01-27,1.42
2016-01-28,1.42
2016-01-29,1.42
2016-01-30,1.42
2016-01-31,1.42
2016-02-01,1.31
2016-02-02,1.31
2016-02-03,1.31
2016-02-04,1.31
2016-02-05,1.31
2016-02-06,1.31
2016-02-07,1.31
2016-02-08,1.31
2016-02-09,1.31
2016-02-10,1.31
2016-02-11,1.31
2016-02-12,1.31
2016-02-13,1.31
2016-02-14,1.31
2016-02-15,1.31
2016-02-16,1.31
2016-02-17,1.31
2016-02-18,1.31
2016-02-19,1.31
2016-02-20,1.31
2016-02-21,1.31
2016-02-22,1.31
2016-02-23,1.31
2016-02-24,1.31
2016-02-25,1.31
2016-02-26,1.31
2016-02-27,1.31
2016-02-28,1.31
2016-02-29,1.31
2016-03-01,1.55
2016-03-02,1.55
2016-03-03,1.55
2016-03-04,1.55
2016-03-05,1.55
2016-03-06,1.55
2016-03-07,1.55
2016-03-08,1.55
2016-03-09,1.55
2016-03-10,1.55
2016-03-11,1.55
2016-03-12,1.55
2016-03-13,1.55
2016-03-14,1.55
2016-03-15,1.55
2016-03-16,1.55
2016-03-17,1.55
2016-03-18,1.55
2016-03-19,1.55
2016-03-20,1.55
2016-03-21,1.55
2016-03-22,1.55
2016-03-23,1.55
2016-03-24,1.55
2016-03-25,1.55
2016-03-26,1.55
2016-03-27,1.55
2016-03-28,1.55
2016-03-29,1.55
2016-03-30,1.55
2016-03-31,1.55
2016-04-01,1.62
2016-04-02,1.62
2016-04-03,1.62
2016-04-04,1.62
2016-04-05,1.62
2016-04-06,1.62
2016-04-07,1.62
2016-04-08,1.62
2016-04-09,1.62
2016-04-10,1.62
2016-04-11,1.62
2016-04-12,1.62
2016-04-13,1.62
2016-04-14,1.62
2016-04-15,1.62
2016-04-16,1.62
2016-04-17,1.62
2016-04-18,1.62
2016-04-19,1.62
2016-04-20,1.62
2016-04-21,1.62
2016-04-22,1.62
2016-04-23,1.62
2016-04-24,1.62
2016-04-25,1.62
2016-04-26,1.62
2016-04-27,1.62
2016-04-28,1.62
2016-04-29,1.62
2016-04-30,1.62
2016-05-01,1.6
2016-05-02,1.6
2016-05-03,1.6
2016-05-04,1.6
2016-05-05,1.6
2016-05-06,1.6
2016-05-07,1.6
2016-05-08,1.6
2016-05-09,1.6
2016-05-10,1.6
2016-05-11,1.6
2016-05-12,1.6
2016-05-13,1.6
2016-05-14,1.6
2016-05-15,1.6
2016-05-16,1.6
2016-05-17,1.6
2016-05-18,1.6
2016-05-19,1.6
2016-05-20,1.6
2016-05-21,1.6
2016-05-22,1.6
2016-05-23,1.6
2016-05-24,1.6
2016-05-25,1.6
2016-05-26,1.6
2016-05-27,1.6
2016-05-28,1.6
2016-05-29,1.6
2016-05-30,1.6
2016-05-31,1.6
2016-06-01,1.47
2016-06-02,1.47
2016-06-03,1.47
2016-06-04,1.47
2016-06-05,1.47
2016-06-06,1.47
2016-06-07,1.47
2016-06-08,1.47
2016-06-09,1.47
2016-06-10,1.47
2016-06-11,1.47
2016-06-12,1.47
2016-06-13,1.47
2016-06-14,1.47
2016-06-15,1.47
2016-06-16,1.47
2016-06-17,1.47
2016-06-18,1.47
2016-06-19,1.47
2016-06-20,1.47
2016-06-21,1.47
2016-06-22,1.47
2016-06-23,1.47
2016-06-24,1.47
2016-06-25,1.47
2016-06-26,1.47
2016-06-27,1.47
2016-06-28,1.47
2016-06-29,1.47
2016-06-30,1.47
2016-07-01,1.46
2016-07-02,1.46
2016-07-03,1.46
2016-07-04,1.46
2016-07-05,1.46
2016-07-06,1.46
2016-07-07,1.46
2016-07-08,1.46
2016-07-09,1.46
2016-07-10,1.46
2016-07-11,1.46
2016-07-12,1.46
2016-07-13,1.46
2016-07-14,1.46
2016-07-15,1.46
2016-07-16,1.46
2016-07-17,1.46
2016-07-18,1.46
2016-07-19,1.46
2016-07-20,1.46
2016-07-21,1.46
2016-07-22,1.46
2016-07-23,1.46
2016-07-24,1.46
2016-07-25,1.46
2016-07-26,1.46
2016-07-27,1.46
2016-07-28,1.46
2016-07-29,1.46
2016-07-30,1.46
2016-07-31,1.46
2016-08-01,1.47
2016-08-02,1.47
2016-08-03,1.47
2016-08-04,1.47
2016-08-05,1.47
2016-08-06,1.47
2016-08-07,1.47
2016-08-08,1.47
2016-08-09,1.47
2016-08-10,1.47
2016-08-11,1.47
2016-08-12,1.47
2016-08-13,1.47
2016-08-14,1.47
2016-08-15,1.47
2016-08-16,1.47
2016-08-17,1.47
2016-08-18,1.47
2016-08-19,1.47
2016-08-20,1.47
2016-08-21,1.47
2016-08-22,1.47
2016-08-23,1.47
2016-08-24,1.47
2016-08-25,1.47
2016-08-26,1.47
2016-08-27,1.47
2016-08-28,1.47
2016-08-29,1.47
2016-08-30,1.47
2016-08-31,1.47
2016-09-01,1.51
2016-09-02,1.51
2016-09-03,1.51
2016-09-04,1.51
2016-09-05,1.51
2016-09-06,1.51
2016-09-07,1.51
2016-09-08,1.51
2016-09-09,1.51
2016-09-10,1.51
2016-09-11,1.51
2016-09-12,1.51
2016-09-13,1.51
2016-09-14,1.51
2016-09-15,1.51
2016-09-16,1.51
2016-09-17,1.51
2016-09-18,1.51
2016-09-19,1.51
2016-09-20,1.51
2016-09-21,1.51
2016-09-22,1.51
2016-09-23,1.51
2016-09-24,1.51
2016-09-25,1.51
2016-09-26,1.51
2016-09-27,1.51
2016-09-28,1.51
2016-09-29,1.51
2016-09-30,1.51
2016-10-01,1.66
2016-10-02,1.66
2016-10-03,1.66
2016-10-04,1.66
2016-10-05,1.66
2016-10-06,1.66
2016-10-07,1.66
2016-10-08,1.66
2016-10-09,1.66
2016-10-10,1.66
2016-10-11,1.66
2016-10-12,1.66
2016-10-13,1.66
2016-10-14,1.66
2016-10-15,1.66
2016-10-16,1.66
2016-10-17,1.66
2016-10-18,1.66
2016-10-19,1.66
2016-10-20,1.66
2016-10-21,1.66
2016-10-22,1.66
2016-10-23,1.66
2016-10-24,1.66
2016-10-25,1.66
2016-10-26,1.66
2016-10-27,1.66
2016-10-28,1.66
2016-10-29,1.66
2016-10-30,1.66
2016-10-31,1.66
2016-11-01,1.82
2016-11-02,1.82
2016-11-03,1.82
2016-11-04,1.82
2016-11-05,1.82
2016-11-06,1.82
2016-11-07,1.82
2016-11-08,1.82
2016-11-09,1.82
2016-11-10,1.82
2016-11-11,1.82
2016-11-12,1.82
2016-11-13,1.82
2016-11-14,1.82
2016-11-15,1.82
2016-11-16,1.82
2016-11-17,1.82
2016-11-18,1.82
2016-11-19,1.82
2016-11-20,1.82
2016-11-21,1.82
2016-11-22,1.82
2016-11-23,1.82
2016-11-24,1.82
2016-11-25,1.82
2016-11-26,1.82
2016-11-27,1.82
2016-11-28,1.82
2016-11-29,1.82
2016-11-30,1.82
2016-12-01,1.93
2016-12-02,1.93
2016-12-03,1.93
2016-12-04,1.93
2016-12-05,1.93
2016-12-06,1.93
2016-12-07,1.93
2016-12-08,1.93
2016-12-09,1.93
2016-12-10,1.93
2016-12-11,1.93
2016-12-12,1.93
2016-12-13,1.93
2016-12-14,1.93
2016-12-15,1.93
2016-12-16,1.93
2016-12-17,1.93
2016-12-18,1.93
2016-12-19,1.93
2016-12-20,1.93
2016-12-21,1.93
2016-12-22,1.93
2016-12-23,1.93
2016-12-24,1.93
2016-12-25,1.93
2016-12-26,1.93
2016-12-27,1.93
2016-12-28,1.93
2016-12-29,1.93
2016-12-30,1.93
2016-12-31,1.93
2017-01-01,2.01
2017-01-02,2.01
2017-01-03,2.01
2017-01-04,2.01
2017-01-05,2.01
2017-01-06,2.01
2017-01-07,2.01
2017-01-08,2.01
2017-01-09,2.01
2017-01-10,2.01
2017-01-11,2.01
2017-01-12,2.01
2017-01-13,2.01
2017-01-14,2.01
2017-01-15,2.01
2017-01-16,2.01
2017-01-17,2.01
2017-01-18,2.01
2017-01-19,2.01
2017-01-20,2.01
2017-01-21,2.01
2017-01-22,2.01
2017-01-23,2.01
2017-01-24,2.01
2017-01-25,2.01
2017-01-26,2.01
2017-01-27,2.01
2017-01-28,2.01
2017-01-29,2.01
2017-01-30,2.01
2017-01-31,2.01
2017-02-01,2.02
2017-02-02,2.02
2017-02-03,2.02
2017-02-04,2.02
2017-02-05,2.02
2017-02-06,2.02
2017-02-07,2.02
2017-02-08,2.02
2017-02-09,2.02
2017-02-10,2.02
2017-02-11,2.02
2017-02-12,2.02
2017-02-13,2.02
2017-02-14,2.02
2017-02-15,2.02
2017-02-16,2.02
2017-02-17,2.02
2017-02-18,2.02
2017-02-19,2.02
2017-02-20,2.02
2017-02-21,2.02
2017-02-22,2.02
2017-02-23,2.02
2017-02-24,2.02
2017-02-25,2.02
2017-02-26,2.02
2017-02-27,2.02
2017-02-28,2.02
2017-03-01,1.99
2017-03-02,1.99
2017-03-03,1.99
2017-03-04,1.99
2017-03-05,1.99
2017-03-06,1.99
2017-03-07,1.99
2017-03-08,1.99
2017-03-09,1.99
2017-03-10,1.99
2017-03-11,1.99
2017-03-12,1.99
2017-03-13,1.99
2017-03-14,1.99
2017-03-15,1.99
2017-03-16,1.99
2017-03-17,1.99
2017-03-18,1.99
2017-03-19,1.99
2017-03-20,1.99
2017-03-21,1.99
2017-03-22,1.99
2017-03-23,1.99
2017-03-24,1.99
2017-03-25,1.99
2017-03-26,1.99
2017-03-27,1.99
2017-03-28,1.99
2017-03-29,1.99
2017-03-30,1.99
2017-03-31,1.99
2017-04-01,1.91
2017-04-02,1.91
2017-04-03,1.91
2017-04-04,1.91
2017-04-05,1.91
2017-04-06,1.91
2017-04-07,1.91
2017-04-08,1.91
2017-04-09,1.91
2017-04-10,1.91
2017-04-11,1.91
2017-04-12,1.91
2017-04-13,1.91
2017-04-14,1.91
2017-04-15,1.91
2017-04-16,1.91
2017-04-17,1.91
2017-04-18,1.91
2017-04-19,1.91
2017-04-20,1.91
2017-04-21,1.91
2017-04-22,1.91
2017-04-23,1.91
2017-04-24,1.91
2017-04-25,1.91
2017-04-26,1.91
2017-04-27,1.91
2017-04-28,1.91
2017-04-29,1.91
2017-04-30,1.91
2017-05-01,1.83
2017-05-02,1.83
2017-05-03,1.83
2017-05-04,1.83
2017-05-05,1.83
2017-05-06,1.83
2017-05-07,1.83
2017-05-08,1.83
2017-05-09,1.83
2017-05-10,1.83
2017-05-11,1.83
2017-05-12,1.83
2017-05-13,1.83
2017-05-14,1.83
2017-05-15,1.83
2017-05-16,1.83
2017-05-17,1.83
2017-05-18,1.83
2017-05-19,1.83
2017-05-20,1.83
2017-05-21,1.83
2017-05-22,1.83
2017-05-23,1.83
2017-05-24,1.83
2017-05-25,1.83
2017-05-26,1.83
2017-05-27,1.83
2017-05-28,1.83
2017-05-29,1.83
2017-05-30,1.83
2017-05-31,1.83
2017-06-01,1.73
2017-06-02,1.73
2017-06-03,1.73
2017-06-04,1.73
2017-06-05,1.73
2017-06-06,1.73
2017-06-07,1.73
2017-06-08,1.73
2017-06-09,1.73
2017-06-10,1.73
2017-06-11,1.73
2017-06-12,1.73
2017-06-13,1.73
2017-06-14,1.73
2017-06-15,1.73
2017-06-16,1.73
2017-06-17,1.73
2017-06-18,1.73
2017-06-19,1.73
2017-06-20,1.73
2017-06-21,1.73
2017-06-22,1.73
2017-06-23,1.73
2017-06-24,1.73
2017-06-25,1.73
2017-06-26,1.73
2017-06-27,1.73
2017-06-28,1.73
2017-06-29,1.73
2017-06-30,1.73
2017-07-01,1.77
2017-07-02,1.77
2017-07-03,1.77
2017-07-04,1.77
2017-07-05,1.77
2017-07-06,1.77
2017-07-07,1.77
2017-07-08,1.77
2017-07-09,1.77
2017-07-10,1.77
2017-07-11,1.77
2017-07-12,1.77
2017-07-13,1.77
2017-07-14,1.77
2017-07-15,1.77
2017-07-16,1.77
2017-07-17,1.77
2017-07-18,1.77
2017-07-19,1.77
2017-07-20,1.77
2017-07-21,1.77
2017-07-22,1.77
2017-07-23,1.77
2017-07-24,1.77
2017-07-25,1.77
2017-07-26,1.77
2017-07-27,1.77
2017-07-28,1.77
2017-07-29,1.77
2017-07-30,1.77
2017-07-31,1.77
2017-08-01,1.78
2017-08-02,1.78
2017-08-03,1.78
2017-08-04,1.78
2017-08-05,1.78
2017-08-06,1.78
2017-08-07,1.78
2017-08-08,1.78
2017-08-09,1.78
2017-08-10,1.78
2017-08-11,1.78
2017-08-12,1.78
2017-08-13,1.78
2017-08-14,1.78
2017-08-15,1.78
2017-08-16,1.78
2017-08-17,1.78
2017-08-18,1.78
2017-08-19,1.78
2017-08-20,1.78
2017-08-21,1.78
2017-08-22,1.78
2017-08-23,1.78
2017-08-24,1.78
2017-08-25,1.78
2017-08-26,1.78
2017-08-27,1.78
2017-08-28,1.78
2017-08-29,1.78
2017-08-30,1.78
2017-08-31,1.78
2017-09-01,1.83
2017-09-02,1.83
2017-09-03,1.83
2017-09-04,1.83
2017-09-05,1.83
2017-09-06,1.83
2017-09-07,1.83
2017-09-08,1.83
2017-09-09,1.83
2017-09-10,1.83
2017-09-11,1.83
2017-09-12,1.83
2017-09-13,1.83
2017-09-14,1.83
2017-09-15,1.83
2017-09-16,1.83
2017-09-17,1.83
2017-09-18,1.83
2017-09-19,1.83
2017-09-20,1.83
2017-09-21,1.83
2017-09-22,1.83
2017-09-23,1.83
2017-09-24,1.83
2017-09-25,1.83
2017-09-26,1.83
2017-09-27,1.83
2017-09-28,1.83
2017-09-29,1.83
2017-09-30,1.83
2017-10-01,1.86
2017-10-02,1.86
2017-10-03,1.86
2017-10-04,1.86
2017-10-05,1.86
2017-10-06,1.86
2017-10-07,1.86
2017-10-08,1.86
2017-10-09,1.86
2017-10-10,1.86
2017-10-11,1.86
2017-10-12,1.86
2017-10-13,1.86
2017-10-14,1.86
2017-10-15,1.86
2017-10-16,1.86
2017-10-17,1.86
2017-10-18,1.86
2017-10-19,1.86
2017-10-20,1.86
2017-10-21,1.86
2017-10-22,1.86
2017-10-23,1.86
2017-10-24,1.86
2017-10-25,1.86
2017-10-26,1.86
2017-10-27,1.86
2017-10-28,1.86
2017-10-29,1.86
2017-10-30,1.86
2017-10-31,1.86
2017-11-01,1.85
2017-11-02,1.85
2017-11-03,1.85
2017-11-04,1.85
2017-11-05,1.85
2017-11-06,1.85
2017-11-07,1.85
2017-11-08,1.85
2017-11-09,1.85
2017-11-10,1.85
2017-11-11,1.85
2017-11-12,1.85
2017-11-13,1.85
2017-11-14,1.85
2017-11-15,1.85
2017-11-16,1.85
2017-11-17,1.85
2017-11-18,1.85
2017-11-19,1.85
2017-11-20,1.85
2017-11-21,1.85
2017-11-22,1.85
2017-11-23,1.85
2017-11-24,1.85
2017-11-25,1.85
2017-11-26,1.85
2017-11-27,1.85
2017-11-28,1.85
2017-11-29,1.85
2017-11-30,1.85
2017-12-01,1.9
2017-12-02,1.9
2017-12-03,1.9
2017-12-04,1.9
2017-12-05,1.9
2017-12-06,1.9
2017-12-07,1.9
2017-12-08,1.9
2017-12-09,1.9
2017-12-10,1.9
2017-12-11,1.9
2017-12-12,1.9
2017-12-13,1.9
2017-12-14,1.9
2017-12-15,1.9
2017-12-16,1.9
2017-12-17,1.9
2017-12-18,1.9
2017-12-19,1.9
2017-12-20,1.9
2017-12-21,1.9
2017-12-22,1.9
2017-12-23,1.9
2017-12-24,1.9
2017-12-25,1.9
2017-12-26,1.9
2017-12-27,1.9
2017-12-28,1.9
2017-12-29,1.9
2017-12-30,1.9
2017-12-31,1.9
2018-01-01,2.04
2018-01-02,2.04
2018-01-03,2.04
2018-01-04,2.04
2018-01-05,2.04
2018-01-06,2.04
2018-01-07,2.04
2018-01-08,2.04
2018-01-09,2.04
2018-01-10,2.04
2018-01-11,2.04
2018-01-12,2.04
2018-01-13,2.04
2018-01-14,2.04
2018-01-15,2.04
2018-01-16,2.04
2018-01-17,2.04
2018-01-18,2.04
2018-01-19,2.04
2018-01-20,2.04
2018-01-21,2.04
2018-01-22,2.04
2018-01-23,2.04
2018-01-24,2.04
2018-01-25,2.04
2018-01-26,2.04
2018-01-27,2.04
2018-01-28,2.04
2018-01-29,2.04
2018-01-30,2.04
2018-01-31,2.04
2018-02-01,2.1
2018-02-02,2.1
2018-02-03,2.1
2018-02-04,2.1
2018-02-05,2.1
2018-02-06,2.1
2018-02-07,2.1
2018-02-08,2.1
2018-02-09,2.1
2018-02-10,2.1
2018-02-11,2.1
2018-02-12,2.1
2018-02-13,2.1
2018-02-14,2.1
2018-02-15,2.1
2018-02-16,2.1
2018-02-17,2.1
2018-02-18,2.1
2018-02-19,2.1
2018-02-20,2.1
2018-02-21,2.1
2018-02-22,2.1
2018-02-23,2.1
2018-02-24,2.1
2018-02-25,2.1
2018-02-26,2.1
2018-02-27,2.1
2018-02-28,2.1
2018-03-01,2.09
2018-03-02,2.09
2018-03-03,2.09
2018-03-04,2.09
2018-03-05,2.09
2018-03-06,2.09
2018-03-07,2.09
2018-03-08,2.09
2018-03-09,2.09
2018-03-10,2.09
2018-03-11,2.09
2018-03-12,2.09
2018-03-13,2.09
2018-03-14,2.09
2018-03-15,2.09
2018-03-16,2.09
2018-03-17,2.09
2018-03-18,2.09
2018-03-19,2.09
2018-03-20,2.09
2018-03-21,2.09
2018-03-22,2.09
2018-03-23,2.09
2018-03-24,2.09
2018-03-25,2.09
2018-03-26,2.09
2018-03-27,2.09
2018-03-28,2.09
2018-03-29,2.09
2018-03-30,2.09
2018-03-31,2.09
2018-04-01,2.13
2018-04-02,2.13
2018-04-03,2.13
2018-04-04,2.13
2018-04-05,2.13
2018-04-06,2.13
2018-04-07,2.13
2018-04-08,2.13
2018-04-09,2.13
2018-04-10,2.13
2018-04-11,2.13
2018-04-12,2.13
2018-04-13,2.13
2018-04-14,2.13
2018-04-15,2.13
2018-04-16,2.13
2018-04-17,2.13
2018-04-18,2.13
2018-04-19,2.13
2018-04-20,2.13
2018-04-21,2.13
2018-04-22,2.13
2018-04-23,2.13
2018-04-24,2.13
2018-04-25,2.13
2018-04-26,2.13
2018-04-27,2.13
2018-04-28,2.13
2018-04-29,2.13
2018-04-30,2.13
2018-05-01,2.14
2018-05-02,2.14
2018-05-03,2.14
2018-05-04,2.14
2018-05-05,2.14
2018-05-06,2.14
2018-05-07,2.14
2018-05-08,2.14
2018-05-09,2.14
2018-05-10,2.14
2018-05-11,2.14
2018-05-12,2.14
2018-05-13,2.14
2018-05-14,2.14
2018-05-15,2.14
2018-05-16,2.14
2018-05-17,2.14
2018-05-18,2.14
2018-05-19,2.14
2018-05-20,2.14
2018-05-21,2.14
2018-05-22,2.14
2018-05-23,2.14
2018-05-24,2.14
2018-05-25,2.14
2018-05-26,2.14
2018-05-27,2.14
2018-05-28,2.14
2018-05-29,2.14
2018-05-30,2.14
2018-05-31,2.14
2018-06-01,2.12
2018-06-02,2.12
2018-06-03,2.12
2018-06-04,2.12
2018-06-05,2.12
2018-06-06,2.12
2018-06-07,2.12
2018-06-08,2.12
2018-06-09,2.12
2018-06-10,2.12
2018-06-11,2.12
2018-06-12,2.12
2018-06-13,2.12
2018-06-14,2.12
2018-06-15,2.12
2018-06-16,2.12
2018-06-17,2.12
2018-06-18,2.12
2018-06-19,2.12
2018-06-20,2.12
2018-06-21,2.12
2018-06-22,2.12
2018-06-23,2.12
2018-06-24,2.12
2018-06-25,2.12
2018-06-26,2.12
2018-06-27,2.12
2018-06-28,2.12
2018-06-29,2.12
2018-06-30,2.12
2018-07-01,2.12
2018-07-02,2.12
2018-07-03,2.12
2018-07-04,2.12
2018-07-05,2.12
2018-07-06,2.12
2018-07-07,2.12
2018-07-08,2.12
2018-07-09,2.12
2018-07-10,2.12
2018-07-11,2.12
2018-07-12,2.12
2018-07-13,2.12
2018-07-14,2.12
2018-07-15,2.12
2018-07-16,2.12
2018-07-17,2.12
2018-07-18,2.12
2018-07-19,2.12
2018-07-20,2.12
2018-07-21,2.12
2018-07-22,2.12
2018-07-23,2.12
2018-07-24,2.12
2018-07-25,2.12
2018-07-26,2.12
2018-07-27,2.12
2018-07-28,2.12
2018-07-29,2.12
2018-07-30,2.12
2018-07-31,2.12
2018-08-01,2.1
2018-08-02,2.1
2018-08-03,2.1
2018-08-04,2.1
2018-08-05,2.1
2018-08-06,2.1
2018-08-07,2.1
2018-08-08,2.1
2018-08-09,2.1
2018-08-10,2.1
2018-08-11,2.1
2018-08-12,2.1
2018-08-13,2.1
2018-08-14,2.1
2018-08-15,2.1
2018-08-16,2.1
2018-08-17,2.1
2018-08-18,2.1
2018-08-19,2.1
2018-08-20,2.1
2018-08-21,2.1
2018-08-22,2.1
2018-08-23,2.1
2018-08-24,2.1
2018-08-25,2.1
2018-08-26,2.1
2018-08-27,2.1
2018-08-28,2.1
2018-08-29,2.1
2018-08-30,2.1
2018-08-31,2.1
2018-09-01,2.12
2018-09-02,2.12
2018-09-03,2.12
2018-09-04,2.12
2018-09-05,2.12
2018-09-06,2.12
2018-09-07,2.12
2018-09-08,2.12
2018-09-09,2.12
2018-09-10,2.12
2018-09-11,2.12
2018-09-12,2.12
2018-09-13,2.12
2018-09-14,2.12
2018-09-15,2.12
2018-09-16,2.12
2018-09-17,2.12
2018-09-18,2.12
2018-09-19,2.12
2018-09-20,2.12
2018-09-21,2.12
2018-09-22,2.12
2018-09-23,2.12
2018-09-24,2.12
2018-09-25,2.12
2018-09-26,2.12
2018-09-27,2.12
2018-09-28,2.12
2018-09-29,2.12
2018-09-30,2.12
2018-10-01,2.11
2018-10-02,2.11
2018-10-03,2.11
2018-10-04,2.11
2018-10-05,2.11
2018-10-06,2.11
2018-10-07,2.11
2018-10-08,2.11
2018-10-09,2.11
2018-10-10,2.11
2018-10-11,2.11
2018-10-12,2.11
2018-10-13,2.11
2018-10-14,2.11
2018-10-15,2.11
2018-10-16,2.11
2018-10-17,2.11
2018-10-18,2.11
2018-10-19,2.11
2018-10-20,2.11
2018-10-21,2.11
2018-10-22,2.11
2018-10-23,2.11
2018-10-24,2.11
2018-10-25,2.11
2018-10-26,2.11
2018-10-27,2.11
2018-10-28,2.11
2018-10-29,2.11
2018-10-30,2.11
2018-10-31,2.11
2018-11-01,2.01
2018-11-02,2.01
2018-11-03,2.01
2018-11-04,2.01
2018-11-05,2.01
2018-11-06,2.01
2018-11-07,2.01
2018-11-08,2.01
2018-11-09,2.01
2018-11-10,2.01
2018-11-11,2.01
2018-11-12,2.01
2018-11-13,2.01
2018-11-14,2.01
2018-11-15,2.01
2018-11-16,2.01
2018-11-17,2.01
2018-11-18,2.01
2018-11-19,2.01
2018-11-20,2.01
2018-11-21,2.01
2018-11-22,2.01
2018-11-23,2.01
2018-11-24,2.01
2018-11-25,2.01
2018-11-26,2.01
2018-11-27,2.01
2018-11-28,2.01
2018-11-29,2.01
2018-11-30,2.01
2018-12-01,1.81
2018-12-02,1.81
2018-12-03,1.81
2018-12-04,1.81
2018-12-05,1.81
2018-12-06,1.81
2018-12-07,1.81
2018-12-08,1.81
2018-12-09,1.81
2018-12-10,1.81
2018-12-11,1.81
2018-12-12,1.81
2018-12-13,1.81
2018-12-14,1.81
2018-12-15,1.81
2018-12-16,1.81
2018-12-17,1.81
2018-12-18,1.81
2018-12-19,1.81
2018-12-20,1.81
2018-12-21,1.81
2018-12-22,1.81
2018-12-23,1.81
2018-12-24,1.81
2018-12-25,1.81
2018-12-26,1.81
2018-12-27,1.81
2018-12-28,1.81
2018-12-29,1.81
2018-12-30,1.81
2018-12-31,1.81
2019-01-01,1.79
2019-01-02,1.79
2019-01-03,1.79
2019-01-04,1.79
2019-01-05,1.79
2019-01-06,1.79
2019-01-07,1.79
2019-01-08,1.79
2019-01-09,1.79
2019-01-10,1.79
2019-01-11,1.79
2019-01-12,1.79
2019-01-13,1.79
2019-01-14,1.79
2019-01-15,1.79
2019-01-16,1.79
2019-01-17,1.79
2019-01-18,1.79
2019-01-19,1.79
2019-01-20,1.79
2019-01-21,1.79
2019-01-22,1.79
2019-01-23,1.79
2019-01-24,1.79
2019-01-25,1.79
2019-01-26,1.79
2019-01-27,1.79
2019-01-28,1.79
2019-01-29,1.79
2019-01-30,1.79
2019-01-31,1.79
2019-02-01,1.88
2019-02-02,1.88
2019-02-03,1.88
2019-02-04,1.88
2019-02-05,1.88
2019-02-06,1.88
2019-02-07,1.88
2019-02-08,1.88
2019-02-09,1.88
2019-02-10,1.88
2019-02-11,1.88
2019-02-12,1.88
2019-02-13,1.88
2019-02-14,1.88
2019-02-15,1.88
2019-02-16,1.88
2019-02-17,1.88
2019-02-18,1.88
2019-02-19,1.88
2019-02-20,1.88
2019-02-21,1.88
2019-02-22,1.88
2019-02-23,1.88
2019-02-24,1.88
2019-02-25,1.88
2019-02-26,1.88
2019-02-27,1.88
2019-02-28,1.88
2019-03-01,1.91
2019-03-02,1.91
2019-03-03,1.91
2019-03-04,1.91
2019-03-05,1.91
2019-03-06,1.91
2019-03-07,1.91
2019-03-08,1.91
2019-03-09,1.91
2019-03-10,1.91
2019-03-11,1.91
2019-03-12,1.91
2019-03-13,1.91
2019-03-14,1.91
2019-03-15,1.91
2019-03-16,1.91
2019-03-17,1.91
2019-03-18,1.91
2019-03-19,1.91
2019-03-20,1.91
2019-03-21,1.91
2019-03-22,1.91
2019-03-23,1.91
2019-03-24,1.91
2019-03-25,1.91
2019-03-26,1.91
2019-03-27,1.91
2019-03-28,1.91
2019-03-29,1.91
2019-03-30,1.91
2019-03-31,1.91
2019-04-01,1.94
2019-04-02,1.94
2019-04-03,1.94
2019-04-04,1.94
2019-04-05,1.94
2019-04-06,1.94
2019-04-07,1.94
2019-04-08,1.94
2019-04-09,1.94
2019-04-10,1.94
2019-04-11,1.94
2019-04-12,1.94
2019-04-13,1.94
2019-04-14,1.94
2019-04-15,1.94
2019-04-16,1.94
2019-04-17,1.94
2019-04-18,1.94
2019-04-19,1.94
2019-04-20,1.94
2019-04-21,1.94
2019-04-22,1.94
2019-04-23,1.94
2019-04-24,1.94
2019-04-25,1.94
2019-04-26,1.94
2019-04-27,1.94
2019-04-28,1.94
2019-04-29,1.94
2019-04-30,1.94
2019-05-01,1.83
2019-05-02,1.83
2019-05-03,1.83
2019-05-04,1.83
2019-05-05,1.83
2019-05-06,1.83
2019-05-07,1.83
2019-05-08,1.83
2019-05-09,1.83
2019-05-10,1.83
2019-05-11,1.83
2019-05-12,1.83
2019-05-13,1.83
2019-05-14,1.83
2019-05-15,1.83
2019-05-16,1.83
2019-05-17,1.83
2019-05-18,1.83
2019-05-19,1.83
2019-05-20,1.83
2019-05-21,1.83
2019-05-22,1.83
2019-05-23,1.83
2019-05-24,1.83
2019-05-25,1.83
2019-05-26,1.83
2019-05-27,1.83
2019-05-28,1.83
2019-05-29,1.83
2019-05-30,1.83
2019-05-31,1.83
2019-06-01,1.7
2019-06-02,1.7
2019-06-03,1.7
2019-06-04,1.7
2019-06-05,1.7
2019-06-06,1.7
2019-06-07,1.7
2019-06-08,1.7
2019-06-09,1.7
2019-06-10,1.7
2019-06-11,1.7
2019-06-12,1.7
2019-06-13,1.7
2019-06-14,1.7
2019-06-15,1.7
2019-06-16,1.7
2019-06-17,1.7
2019-06-18,1.7
2019-06-19,1.7
2019-06-20,1.7
2019-06-21,1.7
2019-06-22,1.7
2019-06-23,1.7
2019-06-24,1.7
2019-06-25,1.7
2019-06-26,1.7
2019-06-27,1.7
2019-06-28,1.7
2019-06-29,1.7
2019-06-30,1.7
2019-07-01,1.75
2019-07-02,1.75
2019-07-03,1.75
2019-07-04,1.75
2019-07-05,1.75
2019-07-06,1.75
2019-07-07,1.75
2019-07-08,1.75
2019-07-09,1.75
2019-07-10,1.75
2019-07-11,1.75
2019-07-12,1.75
2019-07-13,1.75
2019-07-14,1.75
2019-07-15,1.75
2019-07-16,1.75
2019-07-17,1.75
2019-07-18,1.75
2019-07-19,1.75
2019-07-20,1.75
2019-07-21,1.75
2019-07-22,1.75
2019-07-23,1.75
2019-07-24,1.75
2019-07-25,1.75
2019-07-26,1.75
2019-07-27,1.75
2019-07-28,1.75
2019-07-29,1.75
2019-07-30,1.75
2019-07-31,1.75
2019-08-01,1.59
2019-08-02,1.59
2019-08-03,1.59
2019-08-04,1.59
2019-08-05,1.59
2019-08-06,1.59
2019-08-07,1.59
2019-08-08,1.59
2019-08-09,1.59
2019-08-10,1.59
2019-08-11,1.59
2019-08-12,1.59
2019-08-13,1.59
2019-08-14,1.59
2019-08-15,1.59
2019-08-16,1.59
2019-08-17,1.59
2019-08-18,1.59
2019-08-19,1.59
2019-08-20,1.59
2019-08-21,1.59
2019-08-22,1.59
2019-08-23,1.59
2019-08-24,1.59
2019-08-25,1.59
2019-08-26,1.59
2019-08-27,1.59
2019-08-28,1.59
2019-08-29,1.59
2019-08-30,1.59
2019-08-31,1.59
2019-09-01,1.59
2019-09-02,1.59
2019-09-03,1.59
2019-09-04,1.59
2019-09-05,1.59
2019-09-06,1.59
2019-09-07,1.59
2019-09-08,1.59
2019-09-09,1.59
2019-09-10,1.59
2019-09-11,1.59
2019-09-12,1.59
2019-09-13,1.59
2019-09-14,1.59
2019-09-15,1.59
2019-09-16,1.59
2019-09-17,1.59
2019-09-18,1.59
2019-09-19,1.59
2019-09-20,1.59
2019-09-21,1.59
2019-09-22,1.59
2019-09-23,1.59
2019-09-24,1.59
2019-09-25,1.59
2019-09-26,1.59
2019-09-27,1.59
2019-09-28,1.59
2019-09-29,1.59
2019-09-30,1.59
2019-10-01,1.56
2019-10-02,1.56
2019-10-03,1.56
2019-10-04,1.56
2019-10-05,1.56
2019-10-06,1.56
2019-10-07,1.56
2019-10-08,1.56
2019-10-09,1.56
2019-10-10,1.56
2019-10-11,1.56
2019-10-12,1.56
2019-10-13,1.56
2019-10-14,1.56
2019-10-15,1.56
2019-10-16,1.56
2019-10-17,1.56
2019-10-18,1.56
2019-10-19,1.56
2019-10-20,1.56
2019-10-21,1.56
2019-10-22,1.56
2019-10-23,1.56
2019-10-24,1.56
2019-10-25,1.56
2019-10-26,1.56
2019-10-27,1.56
2019-10-28,1.56
2019-10-29,1.56
2019-10-30,1.56
2019-10-31,1.56
2019-11-01,1.64
2019-11-02,1.64
2019-11-03,1.64
2019-11-04,1.64
2019-11-05,1.64
2019-11-06,1.64
2019-11-07,1.64
2019-11-08,1.64
2019-11-09,1.64
2019-11-10,1.64
2019-11-11,1.64
2019-11-12,1.64
2019-11-13,1.64
2019-11-14,1.64
2019-11-15,1.64
2019-11-16,1.64
2019-11-17,1.64
2019-11-18,1.64
2019-11-19,1.64
2019-11-20,1.64
2019-11-21,1.64
2019-11-22,1.64
2019-11-23,1.64
2019-11-24,1.64
2019-11-25,1.64
2019-11-26,1.64
2019-11-27,1.64
2019-11-28,1.64
2019-11-29,1.64
2019-11-30,1.64
2019-12-01,1.72
2019-12-02,1.72
2019-12-03,1.72
2019-12-04,1.72
2019-12-05,1.72
2019-12-06,1.72
2019-12-07,1.72
2019-12-08,1.72
2019-12-09,1.72
2019-12-10,1.72
2019-12-11,1.72
2019-12-12,1.72
2019-12-13,1.72
2019-12-14,1.72
2019-12-15,1.72
2019-12-16,1.72
2019-12-17,1.72
2019-12-18,1.72
2019-12-19,1.72
2019-12-20,1.72
2019-12-21,1.72
2019-12-22,1.72
2019-12-23,1.72
2019-12-24,1.72
2019-12-25,1.72
2019-12-26,1.72
2019-12-27,1.72
2019-12-28,1.72
2019-12-29,1.72
2019-12-30,1.72
2019-12-31,1.72
2020-01-01,1.72
2020-01-02,1.72
2020-01-03,1.72
2020-01-04,1.72
2020-01-05,1.72
2020-01-06,1.72
2020-01-07,1.72
2020-01-08,1.72
2020-01-09,1.72
2020-01-10,1.72
2020-01-11,1.72
2020-01-12,1.72
2020-01-13,1.72
2020-01-14,1.72
2020-01-15,1.72
2020-01-16,1.72
2020-01-17,1.72
2020-01-18,1.72
2020-01-19,1.72
2020-01-20,1.72
2020-01-21,1.72
2020-01-22,1.72
2020-01-23,1.72
2020-01-24,1.72
2020-01-25,1.72
2020-01-26,1.72
2020-01-27,1.72
2020-01-28,1.72
2020-01-29,1.72
2020-01-30,1.72
2020-01-31,1.72
2020-02-01,1.62
2020-02-02,1.62
2020-02-03,1.62
2020-02-04,1.62
2020-02-05,1.62
2020-02-06,1.62
2020-02-07,1.62
2020-02-08,1.62
2020-02-09,1.62
2020-02-10,1.62
2020-02-11,1.62
2020-02-12,1.62
2020-02-13,1.62
2020-02-14,1.62
2020-02-15,1.62
2020-02-16,1.62
2020-02-17,1.62
2020-02-18,1.62
2020-02-19,1.62
2020-02-20,1.62
2020-02-21,1.62
2020-02-22,1.62
2020-02-23,1.62
2020-02-24,1.62
2020-02-25,1.62
2020-02-26,1.62
2020-02-27,1.62
2020-02-28,1.62
2020-02-29,1.62
2020-03-01,0.99
2020-03-02,0.99
2020-03-03,0.99
2020-03-04,0.99
2020-03-05,0.99
2020-03-06,0.99
2020-03-07,0.99
2020-03-08,0.99
2020-03-09,0.99
2020-03-10,0.99
2020-03-11,0.99
2020-03-12,0.99
2020-03-13,0.99
2020-03-14,0.99
2020-03-15,0.99
2020-03-16,0.99
2020-03-17,0.99
2020-03-18,0.99
2020-03-19,0.99
2020-03-20,0.99
2020-03-21,0.99
2020-03-22,0.99
2020-03-23,0.99
2020-03-24,0.99
2020-03-25,0.99
2020-03-26,0.99
2020-03-27,0.99
2020-03-28,0.99
2020-03-29,0.99
2020-03-30,0.99
2020-03-31,0.99
2020-04-01,1.1
2020-04-02,1.1
2020-04-03,1.1
2020-04-04,1.1
2020-04-05,1.1
2020-04-06,1.1
2020-04-07,1.1
2020-04-08,1.1
2020-04-09,1.1
2020-04-10,1.1
2020-04-11,1.1
2020-04-12,1.1
2020-04-13,1.1
2020-04-14,1.1
2020-04-15,1.1
2020-04-16,1.1
2020-04-17,1.1
2020-04-18,1.1
2020-04-19,1.1
2020-04-20,1.1
2020-04-21,1.1
2020-04-22,1.1
2020-04-23,1.1
2020-04-24,1.1
2020-04-25,1.1
2020-04-26,1.1
2020-04-27,1.1
2020-04-28,1.1
2020-04-29,1.1
2020-04-30,1.1
2020-05-01,1.12
2020-05-02,1.12
2020-05-03,1.12
2020-05-04,1.12
2020-05-05,1.12
2020-05-06,1.12
2020-05-07,1.12
2020-05-08,1.12
2020-05-09,1.12
2020-05-10,1.12
2020-05-11,1.12
2020-05-12,1.12
2020-05-13,1.12
2020-05-14,1.12
2020-05-15,1.12
2020-05-16,1.12
2020-05-17,1.12
2020-05-18,1.12
2020-05-19,1.12
2020-05-20,1.12
2020-05-21,1.12
2020-05-22,1.12
2020-05-23,1.12
2020-05-24,1.12
2020-05-25,1.12
2020-05-26,1.12
2020-05-27,1.12
2020-05-28,1.12
2020-05-29,1.12
2020-05-30,1.12
2020-05-31,1.12
2020-06-01,1.27
2020-06-02,1.27
2020-06-03,1.27
2020-06-04,1.27
2020-06-05,1.27
2020-06-06,1.27
2020-06-07,1.27
2020-06-08,1.27
2020-06-09,1.27
2020-06-10,1.27
2020-06-11,1.27
2020-06-12,1.27
2020-06-13,1.27
2020-06-14,1.27
2020-06-15,1.27
2020-06-16,1.27
2020-06-17,1.27
2020-06-18,1.27
2020-06-19,1.27
2020-06-20,1.27
2020-06-21,1.27
2020-06-22,1.27
2020-06-23,1.27
2020-06-24,1.27
2020-06-25,1.27
2020-06-26,1.27
2020-06-27,1.27
2020-06-28,1.27
2020-06-29,1.27
2020-06-30,1.27
2020-07-01,1.46
2020-07-02,1.46
2020-07-03,1.46
2020-07-04,1.46
2020-07-05,1.46
2020-07-06,1.46
2020-07-07,1.46
2020-07-08,1.46
2020-07-09,1.46
2020-07-10,1.46
2020-07-11,1.46
2020-07-12,1.46
2020-07-13,1.46
2020-07-14,1.46
2020-07-15,1.46
2020-07-16,1.46
2020-07-17,1.46
2020-07-18,1.46
2020-07-19,1.46
2020-07-20,1.46
2020-07-21,1.46
2020-07-22,1.46
2020-07-23,1.46
2020-07-24,1.46
2020-07-25,1.46
2020-07-26,1.46
2020-07-27,1.46
2020-07-28,1.46
2020-07-29,1.46
2020-07-30,1.46
2020-07-31,1.46
2020-08-01,1.66
2020-08-02,1.66
2020-08-03,1.66
2020-08-04,1.66
2020-08-05,1.66
2020-08-06,1.66
2020-08-07,1.66
2020-08-08,1.66
2020-08-09,1.66
2020-08-10,1.66
2020-08-11,1.66
2020-08-12,1.66
2020-08-13,1.66
2020-08-14,1.66
2020-08-15,1.66
2020-08-16,1.66
2020-08-17,1.66
2020-08-18,1.66
2020-08-19,1.66
2020-08-20,1.66
2020-08-21,1.66
2020-08-22,1.66
2020-08-23,1.66
2020-08-24,1.66
2020-08-25,1.66
2020-08-26,1.66
2020-08-27,1.66
2020-08-28,1.66
2020-08-29,1.66
2020-08-30,1.66
2020-08-31,1.66
2020-09-01,1.66
2020-09-02,1.66
2020-09-03,1.66
2020-09-04,1.66
2020-09-05,1.66
2020-09-06,1.66
2020-09-07,1.66
2020-09-08,1.66
2020-09-09,1.66
2020-09-10,1.66
2020-09-11,1.66
2020-09-12,1.66
2020-09-13,1.66
2020-09-14,1.66
2020-09-15,1.66
2020-09-16,1.66
2020-09-17,1.66
2020-09-18,1.66
2020-09-19,1.66
2020-09-20,1.66
2020-09-21,1.66
2020-09-22,1.66
2020-09-23,1.66
2020-09-24,1.66
2020-09-25,1.66
2020-09-26,1.66
2020-09-27,1.66
2020-09-28,1.66
2020-09-29,1.66
2020-09-30,1.66
2020-10-01,1.7
2020-10-02,1.7
2020-10-03,1.7
2020-10-04,1.7
2020-10-05,1.7
2020-10-06,1.7
2020-10-07,1.7
2020-10-08,1.7
2020-10-09,1.7
2020-10-10,1.7
2020-10-11,1.7
2020-10-12,1.7
2020-10-13,1.7
2020-10-14,1.7
2020-10-15,1.7
2020-10-16,1.7
2020-10-17,1.7
2020-10-18,1.7
2020-10-19,1.7
2020-10-20,1.7
2020-10-21,1.7
2020-10-22,1.7
2020-10-23,1.7
2020-10-24,1.7
2020-10-25,1.7
2020-10-26,1.7
2020-10-27,1.7
2020-10-28,1.7
2020-10-29,1.7
2020-10-30,1.7
2020-10-31,1.7
2020-11-01,1.71
2020-11-02,1.71
2020-11-03,1.71
2020-11-04,1.71
2020-11-05,1.71
2020-11-06,1.71
2020-11-07,1.71
2020-11-08,1.71
2020-11-09,1.71
2020-11-10,1.71
2020-11-11,1.71
2020-11-12,1.71
2020-11-13,1.71
2020-11-14,1.71
2020-11-15,1.71
2020-11-16,1.71
2020-11-17,1.71
2020-11-18,1.71
2020-11-19,1.71
2020-11-20,1.71
2020-11-21,1.71
2020-11-22,1.71
2020-11-23,1.71
2020-11-24,1.71
2020-11-25,1.71
2020-11-26,1.71
2020-11-27,1.71
2020-11-28,1.71
2020-11-29,1.71
2020-11-30,1.71
2020-12-01,1.92
2020-12-02,1.92
2020-12-03,1.92
2020-12-04,1.92
2020-12-05,1.92
2020-12-06,1.92
2020-12-07,1.92
2020-12-08,1.92
2020-12-09,1.92
2020-12-10,1.92
2020-12-11,1.92
2020-12-12,1.92
2020-12-13,1.92
2020-12-14,1.92
2020-12-15,1.92
2020-12-16,1.92
2020-12-17,1.92
2020-12-18,1.92
2020-12-19,1.92
2020-12-20,1.92
2020-12-21,1.92
2020-12-22,1.92
2020-12-23,1.92
2020-12-24,1.92
2020-12-25,1.92
2020-12-26,1.92
2020-12-27,1.92
2020-12-28,1.92
2020-12-29,1.92
2020-12-30,1.92
2020-12-31,1.92
2021-01-01,2.08
2021-01-02,2.08
2021-01-03,2.08
2021-01-04,2.08
2021-01-05,2.08
2021-01-06,2.08
2021-01-07,2.08
2021-01-08,2.08
2021-01-09,2.08
2021-01-10,2.08
2021-01-11,2.08
2021-01-12,2.08
2021-01-13,2.08
2021-01-14,2.08
2021-01-15,2.08
2021-01-16,2.08
2021-01-17,2.08
2021-01-18,2.08
2021-01-19,2.08
2021-01-20,2.08
2021-01-21,2.08
2021-01-22,2.08
2021-01-23,2.08
2021-01-24,2.08
2021-01-25,2.08
2021-01-26,2.08
2021-01-27,2.08
2021-01-28,2.08
2021-01-29,2.08
2021-01-30,2.08
2021-01-31,2.08
2021-02-01,2.18
2021-02-02,2.18
2021-02-03,2.18
2021-02-04,2.18
2021-02-05,2.18
2021-02-06,2.18
2021-02-07,2.18
2021-02-08,2.18
2021-02-09,2.18
2021-02-10,2.18
2021-02-11,2.18
2021-02-12,2.18
2021-02-13,2.18
2021-02-14,2.18
2021-02-15,2.18
2021-02-16,2.18
2021-02-17,2.18
2021-02-18,2.18
2021-02-19,2.18
2021-02-20,2.18
2021-02-21,2.18
2021-02-22,2.18
2021-02-23,2.18
2021-02-24,2.18
2021-02-25,2.18
2021-02-26,2.18
2021-02-27,2.18
2021-02-28,2.18
2021-03-01,2.28
2021-03-02,2.28
2021-03-03,2.28
2021-03-04,2.28
2021-03-05,2.28
2021-03-06,2.28
2021-03-07,2.28
2021-03-08,2.28
2021-03-09,2.28
2021-03-10,2.28
2021-03-11,2.28
2021-03-12,2.28
2021-03-13,2.28
2021-03-14,2.28
2021-03-15,2.28
2021-03-16,2.28
2021-03-17,2.28
2021-03-18,2.28
2021-03-19,2.28
2021-03-20,2.28
2021-03-21,2.28
2021-03-22,2.28
2021-03-23,2.28
2021-03-24,2.28
2021-03-25,2.28
2021-03-26,2.28
2021-03-27,2.28
2021-03-28,2.28
2021-03-29,2.28
2021-03-30,2.28
2021-03-31,2.28
2021-04-01,2.35
2021-04-02,2.35
2021-04-03,2.35
2021-04-04,2.35
2021-04-05,2.35
2021-04-06,2.35
2021-04-07,2.35
2021-04-08,2.35
2021-04-09,2.35
2021-04-10,2.35
2021-04-11,2.35
2021-04-12,2.35
2021-04-13,2.35
2021-04-14,2.35
2021-04-15,2.35
2021-04-16,2.35
2021-04-17,2.35
2021-04-18,2.35
2021-04-19,2.35
2021-04-20,2.35
2021-04-21,2.35
2021-04-22,2.35
2021-04-23,2.35
2021-04-24,2.35
2021-04-25,2.35
2021-04-26,2.35
2021-04-27,2.35
2021-04-28,2.35
2021-04-29,2.35
2021-04-30,2.35
2021-05-01,2.47
2021-05-02,2.47
2021-05-03,2.47
2021-05-04,2.47
2021-05-05,2.47
2021-05-06,2.47
2021-05-07,2.47
2021-05-08,2.47
2021-05-09,2.47
2021-05-10,2.47
2021-05-11,2.47
2021-05-12,2.47
2021-05-13,2.47
2021-05-14,2.47
2021-05-15,2.47
2021-05-16,2.47
2021-05-17,2.47
2021-05-18,2.47
2021-05-19,2.47
2021-05-20,2.47
2021-05-21,2.47
2021-05-22,2.47
2021-05-23,2.47
2021-05-24,2.47
2021-05-25,2.47
2021-05-26,2.47
2021-05-27,2.47
2021-05-28,2.47
2021-05-29,2.47
2021-05-30,2.47
2021-05-31,2.47
2021-06-01,2.34
2021-06-02,2.34
2021-06-03,2.34
2021-06-04,2.34
2021-06-05,2.34
2021-06-06,2.34
2021-06-07,2.34
2021-06-08,2.34
2021-06-09,2.34
2021-06-10,2.34
2021-06-11,2.34
2021-06-12,2.34
2021-06-13,2.34
2021-06-14,2.34
2021-06-15,2.34
2021-06-16,2.34
2021-06-17,2.34
2021-06-18,2.34
2021-06-19,2.34
2021-06-20,2.34
2021-06-21,2.34
2021-06-22,2.34
2021-06-23,2.34
2021-06-24,2.34
2021-06-25,2.34
2021-06-26,2.34
2021-06-27,2.34
2021-06-28,2.34
2021-06-29,2.34
2021-06-30,2.34
2021-07-01,2.33
2021-07-02,2.33
2021-07-03,2.33
2021-07-04,2.33
2021-07-05,2.33
2021-07-06,2.33
2021-07-07,2.33
2021-07-08,2.33
2021-07-09,2.33
2021-07-10,2.33
2021-07-11,2.33
2021-07-12,2.33
2021-07-13,2.33
2021-07-14,2.33
2021-07-15,2.33
2021-07-16,2.33
2021-07-17,2.33
2021-07-18,2.33
2021-07-19,2.33
2021-07-20,2.33
2021-07-21,2.33
2021-07-22,2.33
2021-07-23,2.33
2021-07-24,2.33
2021-07-25,2.33
2021-07-26,2.33
2021-07-27,2.33
2021-07-28,2.33
2021-07-29,2.33
2021-07-30,2.33
2021-07-31,2.33
2021-08-01,2.35
2021-08-02,2.35
2021-08-03,2.35
2021-08-04,2.35
2021-08-05,2.35
2021-08-06,2.35
2021-08-07,2.35
2021-08-08,2.35
2021-08-09,2.35
2021-08-10,2.35
2021-08-11,2.35
2021-08-12,2.35
2021-08-13,2.35
2021-08-14,2.35
2021-08-15,2.35
2021-08-16,2.35
2021-08-17,2.35
2021-08-18,2.35
2021-08-19,2.35
2021-08-20,2.35
2021-08-21,2.35
2021-08-22,2.35
2021-08-23,2.35
2021-08-24,2.35
2021-08-25,2.35
2021-08-26,2.35
2021-08-27,2.35
2021-08-28,2.35
2021-08-29,2.35
2021-08-30,2.35
2021-08-31,2.35
2021-09-01,2.34
2021-09-02,2.34
2021-09-03,2.34
2021-09-04,2.34
2021-09-05,2.34
2021-09-06,2.34
2021-09-07,2.34
2021-09-08,2.34
2021-09-09,2.34
2021-09-10,2.34
2021-09-11,2.34
2021-09-12,2.34
2021-09-13,2.34
2021-09-14,2.34
2021-09-15,2.34
2021-09-16,2.34
2021-09-17,2.34
2021-09-18,2.34
2021-09-19,2.34
2021-09-20,2.34
2021-09-21,2.34
2021-09-22,2.34
2021-09-23,2.34
2021-09-24,2.34
2021-09-25,2.34
2021-09-26,2.34
2021-09-27,2.34
2021-09-28,2.34
2021-09-29,2.34
2021-09-30,2.34
2021-10-01,2.53
2021-10-02,2.53
2021-10-03,2.53
2021-10-04,2.53
2021-10-05,2.53
2021-10-06,2.53
2021-10-07,2.53
2021-10-08,2.53
2021-10-09,2.53
2021-10-10,2.53
2021-10-11,2.53
2021-10-12,2.53
2021-10-13,2.53
2021-10-14,2.53
2021-10-15,2.53
2021-10-16,2.53
2021-10-17,2.53
2021-10-18,2.53
2021-10-19,2.53
2021-10-20,2.53
2021-10-21,2.53
2021-10-22,2.53
2021-10-23,2.53
2021-10-24,2.53
2021-10-25,2.53
2021-10-26,2.53
2021-10-27,2.53
2021-10-28,2.53
2021-10-29,2.53
2021-10-30,2.53
2021-10-31,2.53
2021-11-01,2.62
2021-11-02,2.62
2021-11-03,2.62
2021-11-04,2.62
2021-11-05,2.62
2021-11-06,2.62
2021-11-07,2.62
2021-11-08,2.62
2021-11-09,2.62
2021-11-10,2.62
2021-11-11,2.62
2021-11-12,2.62
2021-11-13,2.62
2021-11-14,2.62
2021-11-15,2.62
2021-11-16,2.62
2021-11-17,2.62
2021-11-18,2.62
2021-11-19,2.62
2021-11-20,2.62
2021-11-21,2.62
2021-11-22,2.62
2021-11-23,2.62
2021-11-24,2.62
2021-11-25,2.62
2021-11-26,2.62
2021-11-27,2.62
2021-11-28,2.62
2021-11-29,2.62
2021-11-30,2.62
2021-12-01,2.46
2021-12-02,2.46
2021-12-03,2.46
2021-12-04,2.46
2021-12-05,2.46
2021-12-06,2.46
2021-12-07,2.46
2021-12-08,2.46
2021-12-09,2.46
2021-12-10,2.46
2021-12-11,2.46
2021-12-12,2.46
2021-12-13,2.46
2021-12-14,2.46
2021-12-15,2.46
2021-12-16,2.46
2021-12-17,2.46
2021-12-18,2.46
2021-12-19,2.46
2021-12-20,2.46
2021-12-21,2.46
2021-12-22,2.46
2021-12-23,2.46
2021-12-24,2.46
2021-12-25,2.46
2021-12-26,2.46
2021-12-27,2.46
2021-12-28,2.46
2021-12-29,2.46
2021-12-30,2.46
2021-12-31,2.46
2022-01-01,2.45
2022-01-02,2.45
2022-01-03,2.45
2022-01-04,2.45
2022-01-05,2.45
2022-01-06,2.45
2022-01-07,2.45
2022-01-08,2.45
2022-01-09,2.45
2022-01-10,2.45
2022-01-11,2.45
2022-01-12,2.45
2022-01-13,2.45
2022-01-14,2.45
2022-01-15,2.45
2022-01-16,2.45
2022-01-17,2.45
2022-01-18,2.45
2022-01-19,2.45
2022-01-20,2.45
2022-01-21,2.45
2022-01-22,2.45
2022-01-23,2.45
2022-01-24,2.45
2022-01-25,2.45
2022-01-26,2.45
2022-01-27,2.45
2022-01-28,2.45
2022-01-29,2.45
2022-01-30,2.45
2022-01-31,2.45
2022-02-01,2.46
2022-02-02,2.46
2022-02-03,2.46
2022-02-04,2.46
2022-02-05,2.46
2022-02-06,2.46
2022-02-07,2.46
2022-02-08,2.46
2022-02-09,2.46
2022-02-10,2.46
2022-02-11,2.46
2022-02-12,2.46
2022-02-13,2.46
2022-02-14,2.46
2022-02-15,2.46
2022-02-16,2.46
2022-02-17,2.46
2022-02-18,2.46
2022-02-19,2.46
2022-02-20,2.46
2022-02-21,2.46
2022-02-22,2.46
2022-02-23,2.46
2022-02-24,2.46
2022-02-25,2.46
2022-02-26,2.46
2022-02-27,2.46
2022-02-28,2.46
2022-03-01,2.85
2022-03-02,2.85
2022-03-03,2.85
2022-03-04,2.85
2022-03-05,2.85
2022-03-06,2.85
2022-03-07,2.85
2022-03-08,2.85
2022-03-09,2.85
2022-03-10,2.85
2022-03-11,2.85
2022-03-12,2.85
2022-03-13,2.85
2022-03-14,2.85
2022-03-15,2.85
2022-03-16,2.85
2022-03-17,2.85
2022-03-18,2.85
2022-03-19,2.85
2022-03-20,2.85
2022-03-21,2.85
2022-03-22,2.85
2022-03-23,2.85
2022-03-24,2.85
2022-03-25,2.85
2022-03-26,2.85
2022-03-27,2.85
2022-03-28,2.85
2022-03-29,2.85
2022-03-30,2.85
2022-03-31,2.85
2022-04-01,2.88
2022-04-02,2.88
2022-04-03,2.88
2022-04-04,2.88
2022-04-05,2.88
2022-04-06,2.88
2022-04-07,2.88
2022-04-08,2.88
2022-04-09,2.88
2022-04-10,2.88
2022-04-11,2.88
2022-04-12,2.88
2022-04-13,2.88
2022-04-14,2.88
2022-04-15,2.88
2022-04-16,2.88
2022-04-17,2.88
2022-04-18,2.88
2022-04-19,2.88
2022-04-20,2.88
2022-04-21,2.88
2022-04-22,2.88
2022-04-23,2.88
2022-04-24,2.88
2022-04-25,2.88
2022-04-26,2.88
2022-04-27,2.88
2022-04-28,2.88
2022-04-29,2.88
2022-04-30,2.88
2022-05-01,2.69
2022-05-02,2.69
2022-05-03,2.69
2022-05-04,2.69
2022-05-05,2.69
2022-05-06,2.69
2022-05-07,2.69
2022-05-08,2.69
2022-05-09,2.69
2022-05-10,2.69
2022-05-11,2.69
2022-05-12,2.69
2022-05-13,2.69
2022-05-14,2.69
2022-05-15,2.69
2022-05-16,2.69
2022-05-17,2.69
2022-05-18,2.69
2022-05-19,2.69
2022-05-20,2.69
2022-05-21,2.69
2022-05-22,2.69
2022-05-23,2.69
2022-05-24,2.69
2022-05-25,2.69
2022-05-26,2.69
2022-05-27,2.69
2022-05-28,2.69
2022-05-29,2.69
2022-05-30,2.69
2022-05-31,2.69
2022-06-01,2.62
2022-06-02,2.62
2022-06-03,2.62
2022-06-04,2.62
2022-06-05,2.62
2022-06-06,2.62
2022-06-07,2.62
2022-06-08,2.62
2022-06-09,2.62
2022-06-10,2.62
2022-06-11,2.62
2022-06-12,2.62
2022-06-13,2.62
2022-06-14,2.62
2022-06-15,2.62
2022-06-16,2.62
2022-06-17,2.62
2022-06-18,2.62
2022-06-19,2.62
2022-06-20,2.62
2022-06-21,2.62
2022-06-22,2.62
2022-06-23,2.62
2022-06-24,2.62
2022-06-25,2.62
2022-06-26,2.62
2022-06-27,2.62
2022-06-28,2.62
2022-06-29,2.62
2022-06-30,2.62
2022-07-01,2.36
2022-07-02,2.36
2022-07-03,2.36
2022-07-04,2.36
2022-07-05,2.36
2022-07-06,2.36
2022-07-07,2.36
2022-07-08,2.36
2022-07-09,2.36
2022-07-10,2.36
2022-07-11,2.36
2022-07-12,2.36
2022-07-13,2.36
2022-07-14,2.36
2022-07-15,2.36
2022-07-16,2.36
2022-07-17,2.36
2022-07-18,2.36
2022-07-19,2.36
2022-07-20,2.36
2022-07-21,2.36
2022-07-22,2.36
2022-07-23,2.36
2022-07-24,2.36
2022-07-25,2.36
2022-07-26,2.36
2022-07-27,2.36
2022-07-28,2.36
2022-07-29,2.36
2022-07-30,2.36
2022-07-31,2.36
2022-08-01,2.51
2022-08-02,2.51
2022-08-03,2.51
2022-08-04,2.51
2022-08-05,2.51
2022-08-06,2.51
2022-08-07,2.51
2022-08-08,2.51
2022-08-09,2.51
2022-08-10,2.51
2022-08-11,2.51
2022-08-12,2.51
2022-08-13,2.51
2022-08-14,2.51
2022-08-15,2.51
2022-08-16,2.51
2022-08-17,2.51
2022-08-18,2.51
2022-08-19,2.51
2022-08-20,2.51
2022-08-21,2.51
2022-08-22,2.51
2022-08-23,2.51
2022-08-24,2.51
2022-08-25,2.51
2022-08-26,2.51
2022-08-27,2.51
2022-08-28,2.51
2022-08-29,2.51
2022-08-30,2.51
2022-08-31,2.51
2022-09-01,2.38
2022-09-02,2.38
2022-09-03,2.38
2022-09-04,2.38
2022-09-05,2.38
2022-09-06,2.38
2022-09-07,2.38
2022-09-08,2.38
2022-09-09,2.38
2022-09-10,2.38
2022-09-11,2.38
2022-09-12,2.38
2022-09-13,2.38
2022-09-14,2.38
2022-09-15,2.38
2022-09-16,2.38
2022-09-17,2.38
2022-09-18,2.38
2022-09-19,2.38
2022-09-20,2.38
2022-09-21,2.38
2022-09-22,2.38
2022-09-23,2.38
2022-09-24,2.38
2022-09-25,2.38
2022-09-26,2.38
2022-09-27,2.38
2022-09-28,2.38
2022-09-29,2.38
2022-09-30,2.38
2022-10-01,2.39
2022-10-02,2.39
2022-10-03,2.39
2022-10-04,2.39
2022-10-05,2.39
2022-10-06,2.39
2022-10-07,2.39
2022-10-08,2.39
2022-10-09,2.39
2022-10-10,2.39
2022-10-11,2.39
2022-10-12,2.39
2022-10-13,2.39
2022-10-14,2.39
2022-10-15,2.39
2022-10-16,2.39
2022-10-17,2.39
2022-10-18,2.39
2022-10-19,2.39
2022-10-20,2.39
2022-10-21,2.39
2022-10-22,2.39
2022-10-23,2.39
2022-10-24,2.39
2022-10-25,2.39
2022-10-26,2.39
2022-10-27,2.39
2022-10-28,2.39
2022-10-29,2.39
2022-10-30,2.39
2022-10-31,2.39
2022-11-01,2.37
2022-11-02,2.37
2022-11-03,2.37
2022-11-04,2.37
2022-11-05,2.37
2022-11-06,2.37
2022-11-07,2.37
2022-11-08,2.37
2022-11-09,2.37
2022-11-10,2.37
2022-11-11,2.37
2022-11-12,2.37
2022-11-13,2.37
2022-11-14,2.37
2022-11-15,2.37
2022-11-16,2.37
2022-11-17,2.37
2022-11-18,2.37
2022-11-19,2.37
2022-11-20,2.37
2022-11-21,2.37
2022-11-22,2.37
2022-11-23,2.37
2022-11-24,2.37
2022-11-25,2.37
2022-11-26,2.37
2022-11-27,2.37
2022-11-28,2.37
2022-11-29,2.37
2022-11-30,2.37
2022-12-01,2.26
2022-12-02,2.26
2022-12-03,2.26
2022-12-04,2.26
2022-12-05,2.26
2022-12-06,2.26
2022-12-07,2.26
2022-12-08,2.26
2022-12-09,2.26
2022-12-10,2.26
2022-12-11,2.26
2022-12-12,2.26
2022-12-13,2.26
2022-12-14,2.26
2022-12-15,2.26
2022-12-16,2.26
2022-12-17,2.26
2022-12-18,2.26
2022-12-19,2.26
2022-12-20,2.26
2022-12-21,2.26
2022-12-22,2.26
2022-12-23,2.26
2022-12-24,2.26
2022-12-25,2.26
2022-12-26,2.26
2022-12-27,2.26
2022-12-28,2.26
2022-12-29,2.26
2022-12-30,2.26
2022-12-31,2.26
2023-01-01,2.24
2023-01-02,2.24
2023-01-03,2.24
2023-01-04,2.24
2023-01-05,2.24
2023-01-06,2.24
2023-01-07,2.24
2023-01-08,2.24
2023-01-09,2.24
2023-01-10,2.24
2023-01-11,2.24
2023-01-12,2.24
2023-01-13,2.24
2023-01-14,2.24
2023-01-15,2.24
2023-01-16,2.24
2023-01-17,2.24
2023-01-18,2.24
2023-01-19,2.24
2023-01-20,2.24
2023-01-21,2.24
2023-01-22,2.24
2023-01-23,2.24
2023-01-24,2.24
2023-01-25,2.24
2023-01-26,2.24
2023-01-27,2.24
2023-01-28,2.24
2023-01-29,2.24
2023-01-30,2.24
2023-01-31,2.24
2023-02-01,2.33
2023-02-02,2.33
2023-02-03,2.33
2023-02-04,2.33
2023-02-05,2.33
2023-02-06,2.33
2023-02-07,2.33
2023-02-08,2.33
2023-02-09,2.33
2023-02-10,2.33
2023-02-11,2.33
2023-02-12,2.33
2023-02-13,2.33
2023-02-14,2.33
2023-02-15,2.33
2023-02-16,2.33
2023-02-17,2.33
2023-02-18,2.33
2023-02-19,2.33
2023-02-20,2.33
2023-02-21,2.33
2023-02-22,2.33
2023-02-23,2.33
2023-02-24,2.33
2023-02-25,2.33
2023-02-26,2.33
2023-02-27,2.33
2023-02-28,2.33
2023-03-01,2.3
2023-03-02,2.3
2023-03-03,2.3
2023-03-04,2.3
2023-03-05,2.3
2023-03-06,2.3
2023-03-07,2.3
2023-03-08,2.3
2023-03-09,2.3
2023-03-10,2.3
2023-03-11,2.3
2023-03-12,2.3
2023-03-13,2.3
2023-03-14,2.3
2023-03-15,2.3
2023-03-16,2.3
2023-03-17,2.3
2023-03-18,2.3
2023-03-19,2.3
2023-03-20,2.3
2023-03-21,2.3
2023-03-22,2.3
2023-03-23,2.3
2023-03-24,2.3
2023-03-25,2.3
2023-03-26,2.3
2023-03-27,2.3
2023-03-28,2.3
2023-03-29,2.3
2023-03-30,2.3
2023-03-31,2.3
2023-04-01,2.27
2023-04-02,2.27
2023-04-03,2.27
2023-04-04,2.27
2023-04-05,2.27
2023-04-06,2.27
2023-04-07,2.27
2023-04-08,2.27
2023-04-09,2.27
2023-04-10,2.27
2023-04-11,2.27
2023-04-12,2.27
2023-04-13,2.27
2023-04-14,2.27
2023-04-15,2.27
2023-04-16,2.27
2023-04-17,2.27
2023-04-18,2.27
2023-04-19,2.27
2023-04-20,2.27
2023-04-21,2.27
2023-04-22,2.27
2023-04-23,2.27
2023-04-24,2.27
2023-04-25,2.27
2023-04-26,2.27
2023-04-27,2.27
2023-04-28,2.27
2023-04-29,2.27
2023-04-30,2.27
2023-05-01,2.21
2023-05-02,2.21
2023-05-03,2.21
2023-05-04,2.21
2023-05-05,2.21
2023-05-06,2.21
2023-05-07,2.21
2023-05-08,2.21
2023-05-09,2.21
2023-05-10,2.21
2023-05-11,2.21
2023-05-12,2.21
2023-05-13,2.21
2023-05-14,2.21
2023-05-15,2.21
2023-05-16,2.21
2023-05-17,2.21
2023-05-18,2.21
2023-05-19,2.21
2023-05-20,2.21
2023-05-21,2.21
2023-05-22,2.21
2023-05-23,2.21
2023-05-24,2.21
2023-05-25,2.21
2023-05-26,2.21
2023-05-27,2.21
2023-05-28,2.21
2023-05-29,2.21
2023-05-30,2.21
2023-05-31,2.21
2023-06-01,2.2
2023-06-02,2.2
2023-06-03,2.2
2023-06-04,2.2
2023-06-05,2.2
2023-06-06,2.2
2023-06-07,2.2
2023-06-08,2.2
2023-06-09,2.2
2023-06-10,2.2
2023-06-11,2.2
2023-06-12,2.2
2023-06-13,2.2
2023-06-14,2.2
2023-06-15,2.2
2023-06-16,2.2
2023-06-17,2.2
2023-06-18,2.2
2023-06-19,2.2
2023-06-20,2.2
2023-06-21,2.2
2023-06-22,2.2
2023-06-23,2.2
2023-06-24,2.2
2023-06-25,2.2
2023-06-26,2.2
2023-06-27,2.2
2023-06-28,2.2
2023-06-29,2.2
2023-06-30,2.2
2023-07-01,2.3
2023-07-02,2.3
2023-07-03,2.3
2023-07-04,2.3
2023-07-05,2.3
2023-07-06,2.3
2023-07-07,2.3
2023-07-08,2.3
2023-07-09,2.3
2023-07-10,2.3
2023-07-11,2.3
2023-07-12,2.3
2023-07-13,2.3
2023-07-14,2.3
2023-07-15,2.3
2023-07-16,2.3
2023-07-17,2.3
2023-07-18,2.3
2023-07-19,2.3
2023-07-20,2.3
2023-07-21,2.3
2023-07-22,2.3
2023-07-23,2.3
2023-07-24,2.3
2023-07-25,2.3
2023-07-26,2.3
2023-07-27,2.3
2023-07-28,2.3
2023-07-29,2.3
2023-07-30,2.3
2023-07-31,2.3
2023-08-01,2.34
2023-08-02,2.34
2023-08-03,2.34
2023-08-04,2.34
2023-08-05,2.34
2023-08-06,2.34
2023-08-07,2.34
2023-08-08,2.34
2023-08-09,2.34
2023-08-10,2.34
2023-08-11,2.34
2023-08-12,2.34
2023-08-13,2.34
2023-08-14,2.34
2023-08-15,2.34
2023-08-16,2.34
2023-08-17,2.34
2023-08-18,2.34
2023-08-19,2.34
2023-08-20,2.34
2023-08-21,2.34
2023-08-22,2.34
2023-08-23,2.34
2023-08-24,2.34
2023-08-25,2.34
2023-08-26,2.34
2023-08-27,2.34
2023-08-28,2.34
2023-08-29,2.34
2023-08-30,2.34
2023-08-31,2.34
2023-09-01,2.34
2023-09-02,2.34
2023-09-03,2.34
2023-09-04,2.34
2023-09-05,2.34
2023-09-06,2.34
2023-09-07,2.34
2023-09-08,2.34
2023-09-09,2.34
2023-09-10,2.34
2023-09-11,2.34
2023-09-12,2.34
2023-09-13,2.34
2023-09-14,2.34
2023-09-15,2.34
2023-09-16,2.34
2023-09-17,2.34
2023-09-18,2.34
2023-09-19,2.34
2023-09-20,2.34
2023-09-21,2.34
2023-09-22,2.34
2023-09-23,2.34
2023-09-24,2.34
2023-09-25,2.34
2023-09-26,2.34
2023-09-27,2.34
2023-09-28,2.34
2023-09-29,2.34
2023-09-30,2.34
2023-10-01,2.39
2023-10-02,2.39
2023-10-03,2.39
2023-10-04,2.39
2023-10-05,2.39
2023-10-06,2.39
2023-10-07,2.39
2023-10-08,2.39
2023-10-09,2.39
2023-10-10,2.39
2023-10-11,2.39
2023-10-12,2.39
2023-10-13,2.39
2023-10-14,2.39
2023-10-15,2.39
2023-10-16,2.39
2023-10-17,2.39
2023-10-18,2.39
2023-10-19,2.39
2023-10-20,2.39
2023-10-21,2.39
2023-10-22,2.39
2023-10-23,2.39
2023-10-24,2.39
2023-10-25,2.39
2023-10-26,2.39
2023-10-27,2.39
2023-10-28,2.39
2023-10-29,2.39
2023-10-30,2.39
2023-10-31,2.39
