Date,CPI
2013-09-01,233.544
2013-09-02,233.544
2013-09-03,233.544
2013-09-04,233.544
2013-09-05,233.544
2013-09-06,233.544
2013-09-07,233.544
2013-09-08,233.544
2013-09-09,233.544
2013-09-10,233.544
2013-09-11,233.544
2013-09-12,233.544
2013-09-13,233.544
2013-09-14,233.544
2013-09-15,233.544
2013-09-16,233.544
2013-09-17,233.544
2013-09-18,233.544
2013-09-19,233.544
2013-09-20,233.544
2013-09-21,233.544
2013-09-22,233.544
2013-09-23,233.544
2013-09-24,233.544
2013-09-25,233.544
2013-09-26,233.544
2013-09-27,233.544
2013-09-28,233.544
2013-09-29,233.544
2013-09-30,233.544
2013-10-01,233.669
2013-10-02,233.669
2013-10-03,233.669
2013-10-04,233.669
2013-10-05,233.669
2013-10-06,233.669
2013-10-07,233.669
2013-10-08,233.669
2013-10-09,233.669
2013-10-10,233.669
2013-10-11,233.669
2013-10-12,233.669
2013-10-13,233.669
2013-10-14,233.669
2013-10-15,233.669
2013-10-16,233.669
2013-10-17,233.669
2013-10-18,233.669
2013-10-19,233.669
2013-10-20,233.669
2013-10-21,233.669
2013-10-22,233.669
2013-10-23,233.669
2013-10-24,233.669
2013-10-25,233.669
2013-10-26,233.669
2013-10-27,233.669
2013-10-28,233.669
2013-10-29,233.669
2013-10-30,233.669
2013-10-31,233.669
2013-11-01,234.1
2013-11-02,234.1
2013-11-03,234.1
2013-11-04,234.1
2013-11-05,234.1
2013-11-06,234.1
2013-11-07,234.1
2013-11-08,234.1
2013-11-09,234.1
2013-11-10,234.1
2013-11-11,234.1
2013-11-12,234.1
2013-11-13,234.1
2013-11-14,234.1
2013-11-15,234.1
2013-11-16,234.1
2013-11-17,234.1
2013-11-18,234.1
2013-11-19,234.1
2013-11-20,234.1
2013-11-21,234.1
2013-11-22,234.1
2013-11-23,234.1
2013-11-24,234.1
2013-11-25,234.1
2013-11-26,234.1
2013-11-27,234.1
2013-11-28,234.1
2013-11-29,234.1
2013-11-30,234.1
2013-12-01,234.719
2013-12-02,234.719
2013-12-03,234.719
2013-12-04,234.719
2013-12-05,234.719
2013-12-06,234.719
2013-12-07,234.719
2013-12-08,234.719
2013-12-09,234.719
2013-12-10,234.719
2013-12-11,234.719
2013-12-12,234.719
2013-12-13,234.719
2013-12-14,234.719
2013-12-15,234.719
2013-12-16,234.719
2013-12-17,234.719
2013-12-18,234.719
2013-12-19,234.719
2013-12-20,234.719
2013-12-21,234.719
2013-12-22,234.719
2013-12-23,234.719
2013-12-24,234.719
2013-12-25,234.719
2013-12-26,234.719
2013-12-27,234.719
2013-12-28,234.719
2013-12-29,234.719
2013-12-30,234.719
2013-12-31,234.719
2014-01-01,235.288
2014-01-02,235.288
2014-01-03,235.288
2014-01-04,235.288
2014-01-05,235.288
2014-01-06,235.288
2014-01-07,235.288
2014-01-08,235.288
2014-01-09,235.288
2014-01-10,235.288
2014-01-11,235.288
2014-01-12,235.288
2014-01-13,235.288
2014-01-14,235.288
2014-01-15,235.288
2014-01-16,235.288
2014-01-17,235.288
2014-01-18,235.288
2014-01-19,235.288
2014-01-20,235.288
2014-01-21,235.288
2014-01-22,235.288
2014-01-23,235.288
2014-01-24,235.288
2014-01-25,235.288
2014-01-26,235.288
2014-01-27,235.288
2014-01-28,235.288
2014-01-29,235.288
2014-01-30,235.288
2014-01-31,235.288
2014-02-01,235.547
2014-02-02,235.547
2014-02-03,235.547
2014-02-04,235.547
2014-02-05,235.547
2014-02-06,235.547
2014-02-07,235.547
2014-02-08,235.547
2014-02-09,235.547
2014-02-10,235.547
2014-02-11,235.547
2014-02-12,235.547
2014-02-13,235.547
2014-02-14,235.547
2014-02-15,235.547
2014-02-16,235.547
2014-02-17,235.547
2014-02-18,235.547
2014-02-19,235.547
2014-02-20,235.547
2014-02-21,235.547
2014-02-22,235.547
2014-02-23,235.547
2014-02-24,235.547
2014-02-25,235.547
2014-02-26,235.547
2014-02-27,235.547
2014-02-28,235.547
2014-03-01,236.028
2014-03-02,236.028
2014-03-03,236.028
2014-03-04,236.028
2014-03-05,236.028
2014-03-06,236.028
2014-03-07,236.028
2014-03-08,236.028
2014-03-09,236.028
2014-03-10,236.028
2014-03-11,236.028
2014-03-12,236.028
2014-03-13,236.028
2014-03-14,236.028
2014-03-15,236.028
2014-03-16,236.028
2014-03-17,236.028
2014-03-18,236.028
2014-03-19,236.028
2014-03-20,236.028
2014-03-21,236.028
2014-03-22,236.028
2014-03-23,236.028
2014-03-24,236.028
2014-03-25,236.028
2014-03-26,236.028
2014-03-27,236.028
2014-03-28,236.028
2014-03-29,236.028
2014-03-30,236.028
2014-03-31,236.028
2014-04-01,236.468
2014-04-02,236.468
2014-04-03,236.468
2014-04-04,236.468
2014-04-05,236.468
2014-04-06,236.468
2014-04-07,236.468
2014-04-08,236.468
2014-04-09,236.468
2014-04-10,236.468
2014-04-11,236.468
2014-04-12,236.468
2014-04-13,236.468
2014-04-14,236.468
2014-04-15,236.468
2014-04-16,236.468
2014-04-17,236.468
2014-04-18,236.468
2014-04-19,236.468
2014-04-20,236.468
2014-04-21,236.468
2014-04-22,236.468
2014-04-23,236.468
2014-04-24,236.468
2014-04-25,236.468
2014-04-26,236.468
2014-04-27,236.468
2014-04-28,236.468
2014-04-29,236.468
2014-04-30,236.468
2014-05-01,236.918
2014-05-02,236.918
2014-05-03,236.918
2014-05-04,236.918
2014-05-05,236.918
2014-05-06,236.918
2014-05-07,236.918
2014-05-08,236.918
2014-05-09,236.918
2014-05-10,236.918
2014-05-11,236.918
2014-05-12,236.918
2014-05-13,236.918
2014-05-14,236.918
2014-05-15,236.918
2014-05-16,236.918
2014-05-17,236.918
2014-05-18,236.918
2014-05-19,236.918
2014-05-20,236.918
2014-05-21,236.918
2014-05-22,236.918
2014-05-23,236.918
2014-05-24,236.918
2014-05-25,236.918
2014-05-26,236.918
2014-05-27,236.918
2014-05-28,236.918
2014-05-29,236.918
2014-05-30,236.918
2014-05-31,236.918
2014-06-01,237.231
2014-06-02,237.231
2014-06-03,237.231
2014-06-04,237.231
2014-06-05,237.231
2014-06-06,237.231
2014-06-07,237.231
2014-06-08,237.231
2014-06-09,237.231
2014-06-10,237.231
2014-06-11,237.231
2014-06-12,237.231
2014-06-13,237.231
2014-06-14,237.231
2014-06-15,237.231
2014-06-16,237.231
2014-06-17,237.231
2014-06-18,237.231
2014-06-19,237.231
2014-06-20,237.231
2014-06-21,237.231
2014-06-22,237.231
2014-06-23,237.231
2014-06-24,237.231
2014-06-25,237.231
2014-06-26,237.231
2014-06-27,237.231
2014-06-28,237.231
2014-06-29,237.231
2014-06-30,237.231
2014-07-01,237.498
2014-07-02,237.498
2014-07-03,237.498
2014-07-04,237.498
2014-07-05,237.498
2014-07-06,237.498
2014-07-07,237.498
2014-07-08,237.498
2014-07-09,237.498
2014-07-10,237.498
2014-07-11,237.498
2014-07-12,237.498
2014-07-13,237.498
2014-07-14,237.498
2014-07-15,237.498
2014-07-16,237.498
2014-07-17,237.498
2014-07-18,237.498
2014-07-19,237.498
2014-07-20,237.498
2014-07-21,237.498
2014-07-22,237.498
2014-07-23,237.498
2014-07-24,237.498
2014-07-25,237.498
2014-07-26,237.498
2014-07-27,237.498
2014-07-28,237.498
2014-07-29,237.498
2014-07-30,237.498
2014-07-31,237.498
2014-08-01,237.46
2014-08-02,237.46
2014-08-03,237.46
2014-08-04,237.46
2014-08-05,237.46
2014-08-06,237.46
2014-08-07,237.46
2014-08-08,237.46
2014-08-09,237.46
2014-08-10,237.46
2014-08-11,237.46
2014-08-12,237.46
2014-08-13,237.46
2014-08-14,237.46
2014-08-15,237.46
2014-08-16,237.46
2014-08-17,237.46
2014-08-18,237.46
2014-08-19,237.46
2014-08-20,237.46
2014-08-21,237.46
2014-08-22,237.46
2014-08-23,237.46
2014-08-24,237.46
2014-08-25,237.46
2014-08-26,237.46
2014-08-27,237.46
2014-08-28,237.46
2014-08-29,237.46
2014-08-30,237.46
2014-08-31,237.46
2014-09-01,237.477
2014-09-02,237.477
2014-09-03,237.477
2014-09-04,237.477
2014-09-05,237.477
2014-09-06,237.477
2014-09-07,237.477
2014-09-08,237.477
2014-09-09,237.477
2014-09-10,237.477
2014-09-11,237.477
2014-09-12,237.477
2014-09-13,237.477
2014-09-14,237.477
2014-09-15,237.477
2014-09-16,237.477
2014-09-17,237.477
2014-09-18,237.477
2014-09-19,237.477
2014-09-20,237.477
2014-09-21,237.477
2014-09-22,237.477
2014-09-23,237.477
2014-09-24,237.477
2014-09-25,237.477
2014-09-26,237.477
2014-09-27,237.477
2014-09-28,237.477
2014-09-29,237.477
2014-09-30,237.477
2014-10-01,237.43
2014-10-02,237.43
2014-10-03,237.43
2014-10-04,237.43
2014-10-05,237.43
2014-10-06,237.43
2014-10-07,237.43
2014-10-08,237.43
2014-10-09,237.43
2014-10-10,237.43
2014-10-11,237.43
2014-10-12,237.43
2014-10-13,237.43
2014-10-14,237.43
2014-10-15,237.43
2014-10-16,237.43
2014-10-17,237.43
2014-10-18,237.43
2014-10-19,237.43
2014-10-20,237.43
2014-10-21,237.43
2014-10-22,237.43
2014-10-23,237.43
2014-10-24,237.43
2014-10-25,237.43
2014-10-26,237.43
2014-10-27,237.43
2014-10-28,237.43
2014-10-29,237.43
2014-10-30,237.43
2014-10-31,237.43
2014-11-01,236.983
2014-11-02,236.983
2014-11-03,236.983
2014-11-04,236.983
2014-11-05,236.983
2014-11-06,236.983
2014-11-07,236.983
2014-11-08,236.983
2014-11-09,236.983
2014-11-10,236.983
2014-11-11,236.983
2014-11-12,236.983
2014-11-13,236.983
2014-11-14,236.983
2014-11-15,236.983
2014-11-16,236.983
2014-11-17,236.983
2014-11-18,236.983
2014-11-19,236.983
2014-11-20,236.983
2014-11-21,236.983
2014-11-22,236.983
2014-11-23,236.983
2014-11-24,236.983
2014-11-25,236.983
2014-11-26,236.983
2014-11-27,236.983
2014-11-28,236.983
2014-11-29,236.983
2014-11-30,236.983
2014-12-01,236.252
2014-12-02,236.252
2014-12-03,236.252
2014-12-04,236.252
2014-12-05,236.252
2014-12-06,236.252
2014-12-07,236.252
2014-12-08,236.252
2014-12-09,236.252
2014-12-10,236.252
2014-12-11,236.252
2014-12-12,236.252
2014-12-13,236.252
2014-12-14,236.252
2014-12-15,236.252
2014-12-16,236.252
2014-12-17,236.252
2014-12-18,236.252
2014-12-19,236.252
2014-12-20,236.252
2014-12-21,236.252
2014-12-22,236.252
2014-12-23,236.252
2014-12-24,236.252
2014-12-25,236.252
2014-12-26,236.252
2014-12-27,236.252
2014-12-28,236.252
2014-12-29,236.252
2014-12-30,236.252
2014-12-31,236.252
2015-01-01,234.747
2015-01-02,234.747
2015-01-03,234.747
2015-01-04,234.747
2015-01-05,234.747
2015-01-06,234.747
2015-01-07,234.747
2015-01-08,234.747
2015-01-09,234.747
2015-01-10,234.747
2015-01-11,234.747
2015-01-12,234.747
2015-01-13,234.747
2015-01-14,234.747
2015-01-15,234.747
2015-01-16,234.747
2015-01-17,234.747
2015-01-18,234.747
2015-01-19,234.747
2015-01-20,234.747
2015-01-21,234.747
2015-01-22,234.747
2015-01-23,234.747
2015-01-24,234.747
2015-01-25,234.747
2015-01-26,234.747
2015-01-27,234.747
2015-01-28,234.747
2015-01-29,234.747
2015-01-30,234.747
2015-01-31,234.747
2015-02-01,235.342
2015-02-02,235.342
2015-02-03,235.342
2015-02-04,235.342
2015-02-05,235.342
2015-02-06,235.342
2015-02-07,235.342
2015-02-08,235.342
2015-02-09,235.342
2015-02-10,235.342
2015-02-11,235.342
2015-02-12,235.342
2015-02-13,235.342
2015-02-14,235.342
2015-02-15,235.342
2015-02-16,235.342
2015-02-17,235.342
2015-02-18,235.342
2015-02-19,235.342
2015-02-20,235.342
2015-02-21,235.342
2015-02-22,235.342
2015-02-23,235.342
2015-02-24,235.342
2015-02-25,235.342
2015-02-26,235.342
2015-02-27,235.342
2015-02-28,235.342
2015-03-01,235.976
2015-03-02,235.976
2015-03-03,235.976
2015-03-04,235.976
2015-03-05,235.976
2015-03-06,235.976
2015-03-07,235.976
2015-03-08,235.976
2015-03-09,235.976
2015-03-10,235.976
2015-03-11,235.976
2015-03-12,235.976
2015-03-13,235.976
2015-03-14,235.976
2015-03-15,235.976
2015-03-16,235.976
2015-03-17,235.976
2015-03-18,235.976
2015-03-19,235.976
2015-03-20,235.976
2015-03-21,235.976
2015-03-22,235.976
2015-03-23,235.976
2015-03-24,235.976
2015-03-25,235.976
2015-03-26,235.976
2015-03-27,235.976
2015-03-28,235.976
2015-03-29,235.976
2015-03-30,235.976
2015-03-31,235.976
2015-04-01,236.222
2015-04-02,236.222
2015-04-03,236.222
2015-04-04,236.222
2015-04-05,236.222
2015-04-06,236.222
2015-04-07,236.222
2015-04-08,236.222
2015-04-09,236.222
2015-04-10,236.222
2015-04-11,236.222
2015-04-12,236.222
2015-04-13,236.222
2015-04-14,236.222
2015-04-15,236.222
2015-04-16,236.222
2015-04-17,236.222
2015-04-18,236.222
2015-04-19,236.222
2015-04-20,236.222
2015-04-21,236.222
2015-04-22,236.222
2015-04-23,236.222
2015-04-24,236.222
2015-04-25,236.222
2015-04-26,236.222
2015-04-27,236.222
2015-04-28,236.222
2015-04-29,236.222
2015-04-30,236.222
2015-05-01,237.001
2015-05-02,237.001
2015-05-03,237.001
2015-05-04,237.001
2015-05-05,237.001
2015-05-06,237.001
2015-05-07,237.001
2015-05-08,237.001
2015-05-09,237.001
2015-05-10,237.001
2015-05-11,237.001
2015-05-12,237.001
2015-05-13,237.001
2015-05-14,237.001
2015-05-15,237.001
2015-05-16,237.001
2015-05-17,237.001
2015-05-18,237.001
2015-05-19,237.001
2015-05-20,237.001
2015-05-21,237.001
2015-05-22,237.001
2015-05-23,237.001
2015-05-24,237.001
2015-05-25,237.001
2015-05-26,237.001
2015-05-27,237.001
2015-05-28,237.001
2015-05-29,237.001
2015-05-30,237.001
2015-05-31,237.001
2015-06-01,237.657
2015-06-02,237.657
2015-06-03,237.657
2015-06-04,237.657
2015-06-05,237.657
2015-06-06,237.657
2015-06-07,237.657
2015-06-08,237.657
2015-06-09,237.657
2015-06-10,237.657
2015-06-11,237.657
2015-06-12,237.657
2015-06-13,237.657
2015-06-14,237.657
2015-06-15,237.657
2015-06-16,237.657
2015-06-17,237.657
2015-06-18,237.657
2015-06-19,237.657
2015-06-20,237.657
2015-06-21,237.657
2015-06-22,237.657
2015-06-23,237.657
2015-06-24,237.657
2015-06-25,237.657
2015-06-26,237.657
2015-06-27,237.657
2015-06-28,237.657
2015-06-29,237.657
2015-06-30,237.657
2015-07-01,238.034
2015-07-02,238.034
2015-07-03,238.034
2015-07-04,238.034
2015-07-05,238.034
2015-07-06,238.034
2015-07-07,238.034
2015-07-08,238.034
2015-07-09,238.034
2015-07-10,238.034
2015-07-11,238.034
2015-07-12,238.034
2015-07-13,238.034
2015-07-14,238.034
2015-07-15,238.034
2015-07-16,238.034
2015-07-17,238.034
2015-07-18,238.034
2015-07-19,238.034
2015-07-20,238.034
2015-07-21,238.034
2015-07-22,238.034
2015-07-23,238.034
2015-07-24,238.034
2015-07-25,238.034
2015-07-26,238.034
2015-07-27,238.034
2015-07-28,238.034
2015-07-29,238.034
2015-07-30,238.034
2015-07-31,238.034
2015-08-01,238.033
2015-08-02,238.033
2015-08-03,238.033
2015-08-04,238.033
2015-08-05,238.033
2015-08-06,238.033
2015-08-07,238.033
2015-08-08,238.033
2015-08-09,238.033
2015-08-10,238.033
2015-08-11,238.033
2015-08-12,238.033
2015-08-13,238.033
2015-08-14,238.033
2015-08-15,238.033
2015-08-16,238.033
2015-08-17,238.033
2015-08-18,238.033
2015-08-19,238.033
2015-08-20,238.033
2015-08-21,238.033
2015-08-22,238.033
2015-08-23,238.033
2015-08-24,238.033
2015-08-25,238.033
2015-08-26,238.033
2015-08-27,238.033
2015-08-28,238.033
2015-08-29,238.033
2015-08-30,238.033
2015-08-31,238.033
2015-09-01,237.498
2015-09-02,237.498
2015-09-03,237.498
2015-09-04,237.498
2015-09-05,237.498
2015-09-06,237.498
2015-09-07,237.498
2015-09-08,237.498
2015-09-09,237.498
2015-09-10,237.498
2015-09-11,237.498
2015-09-12,237.498
2015-09-13,237.498
2015-09-14,237.498
2015-09-15,237.498
2015-09-16,237.498
2015-09-17,237.498
2015-09-18,237.498
2015-09-19,237.498
2015-09-20,237.498
2015-09-21,237.498
2015-09-22,237.498
2015-09-23,237.498
2015-09-24,237.498
2015-09-25,237.498
2015-09-26,237.498
2015-09-27,237.498
2015-09-28,237.498
2015-09-29,237.498
2015-09-30,237.498
2015-10-01,237.733
2015-10-02,237.733
2015-10-03,237.733
2015-10-04,237.733
2015-10-05,237.733
2015-10-06,237.733
2015-10-07,237.733
2015-10-08,237.733
2015-10-09,237.733
2015-10-10,237.733
2015-10-11,237.733
2015-10-12,237.733
2015-10-13,237.733
2015-10-14,237.733
2015-10-15,237.733
2015-10-16,237.733
2015-10-17,237.733
2015-10-18,237.733
2015-10-19,237.733
2015-10-20,237.733
2015-10-21,237.733
2015-10-22,237.733
2015-10-23,237.733
2015-10-24,237.733
2015-10-25,237.733
2015-10-26,237.733
2015-10-27,237.733
2015-10-28,237.733
2015-10-29,237.733
2015-10-30,237.733
2015-10-31,237.733
2015-11-01,238.017
2015-11-02,238.017
2015-11-03,238.017
2015-11-04,238.017
2015-11-05,238.017
2015-11-06,238.017
2015-11-07,238.017
2015-11-08,238.017
2015-11-09,238.017
2015-11-10,238.017
2015-11-11,238.017
2015-11-12,238.017
2015-11-13,238.017
2015-11-14,238.017
2015-11-15,238.017
2015-11-16,238.017
2015-11-17,238.017
2015-11-18,238.017
2015-11-19,238.017
2015-11-20,238.017
2015-11-21,238.017
2015-11-22,238.017
2015-11-23,238.017
2015-11-24,238.017
2015-11-25,238.017
2015-11-26,238.017
2015-11-27,238.017
2015-11-28,238.017
2015-11-29,238.017
2015-11-30,238.017
2015-12-01,237.761
2015-12-02,237.761
2015-12-03,237.761
2015-12-04,237.761
2015-12-05,237.761
2015-12-06,237.761
2015-12-07,237.761
2015-12-08,237.761
2015-12-09,237.761
2015-12-10,237.761
2015-12-11,237.761
2015-12-12,237.761
2015-12-13,237.761
2015-12-14,237.761
2015-12-15,237.761
2015-12-16,237.761
2015-12-17,237.761
2015-12-18,237.761
2015-12-19,237.761
2015-12-20,237.761
2015-12-21,237.761
2015-12-22,237.761
2015-12-23,237.761
2015-12-24,237.761
2015-12-25,237.761
2015-12-26,237.761
2015-12-27,237.761
2015-12-28,237.761
2015-12-29,237.761
2015-12-30,237.761
2015-12-31,237.761
2016-01-01,237.652
2016-01-02,237.652
2016-01-03,237.652
2016-01-04,237.652
2016-01-05,237.652
2016-01-06,237.652
2016-01-07,237.652
2016-01-08,237.652
2016-01-09,237.652
2016-01-10,237.652
2016-01-11,237.652
2016-01-12,237.652
2016-01-13,237.652
2016-01-14,237.652
2016-01-15,237.652
2016-01-16,237.652
2016-01-17,237.652
2016-01-18,237.652
2016-01-19,237.652
2016-01-20,237.652
2016-01-21,237.652
2016-01-22,237.652
2016-01-23,237.652
2016-01-24,237.652
2016-01-25,237.652
2016-01-26,237.652
2016-01-27,237.652
2016-01-28,237.652
2016-01-29,237.652
2016-01-30,237.652
2016-01-31,237.652
2016-02-01,237.336
2016-02-02,237.336
2016-02-03,237.336
2016-02-04,237.336
2016-02-05,237.336
2016-02-06,237.336
2016-02-07,237.336
2016-02-08,237.336
2016-02-09,237.336
2016-02-10,237.336
2016-02-11,237.336
2016-02-12,237.336
2016-02-13,237.336
2016-02-14,237.336
2016-02-15,237.336
2016-02-16,237.336
2016-02-17,237.336
2016-02-18,237.336
2016-02-19,237.336
2016-02-20,237.336
2016-02-21,237.336
2016-02-22,237.336
2016-02-23,237.336
2016-02-24,237.336
2016-02-25,237.336
2016-02-26,237.336
2016-02-27,237.336
2016-02-28,237.336
2016-02-29,237.336
2016-03-01,238.08
2016-03-02,238.08
2016-03-03,238.08
2016-03-04,238.08
2016-03-05,238.08
2016-03-06,238.08
2016-03-07,238.08
2016-03-08,238.08
2016-03-09,238.08
2016-03-10,238.08
2016-03-11,238.08
2016-03-12,238.08
2016-03-13,238.08
2016-03-14,238.08
2016-03-15,238.08
2016-03-16,238.08
2016-03-17,238.08
2016-03-18,238.08
2016-03-19,238.08
2016-03-20,238.08
2016-03-21,238.08
2016-03-22,238.08
2016-03-23,238.08
2016-03-24,238.08
2016-03-25,238.08
2016-03-26,238.08
2016-03-27,238.08
2016-03-28,238.08
2016-03-29,238.08
2016-03-30,238.08
2016-03-31,238.08
2016-04-01,238.992
2016-04-02,238.992
2016-04-03,238.992
2016-04-04,238.992
2016-04-05,238.992
2016-04-06,238.992
2016-04-07,238.992
2016-04-08,238.992
2016-04-09,238.992
2016-04-10,238.992
2016-04-11,238.992
2016-04-12,238.992
2016-04-13,238.992
2016-04-14,238.992
2016-04-15,238.992
2016-04-16,238.992
2016-04-17,238.992
2016-04-18,238.992
2016-04-19,238.992
2016-04-20,238.992
2016-04-21,238.992
2016-04-22,238.992
2016-04-23,238.992
2016-04-24,238.992
2016-04-25,238.992
2016-04-26,238.992
2016-04-27,238.992
2016-04-28,238.992
2016-04-29,238.992
2016-04-30,238.992
2016-05-01,239.557
2016-05-02,239.557
2016-05-03,239.557
2016-05-04,239.557
2016-05-05,239.557
2016-05-06,239.557
2016-05-07,239.557
2016-05-08,239.557
2016-05-09,239.557
2016-05-10,239.557
2016-05-11,239.557
2016-05-12,239.557
2016-05-13,239.557
2016-05-14,239.557
2016-05-15,239.557
2016-05-16,239.557
2016-05-17,239.557
2016-05-18,239.557
2016-05-19,239.557
2016-05-20,239.557
2016-05-21,239.557
2016-05-22,239.557
2016-05-23,239.557
2016-05-24,239.557
2016-05-25,239.557
2016-05-26,239.557
2016-05-27,239.557
2016-05-28,239.557
2016-05-29,239.557
2016-05-30,239.557
2016-05-31,239.557
2016-06-01,240.222
2016-06-02,240.222
2016-06-03,240.222
2016-06-04,240.222
2016-06-05,240.222
2016-06-06,240.222
2016-06-07,240.222
2016-06-08,240.222
2016-06-09,240.222
2016-06-10,240.222
2016-06-11,240.222
2016-06-12,240.222
2016-06-13,240.222
2016-06-14,240.222
2016-06-15,240.222
2016-06-16,240.222
2016-06-17,240.222
2016-06-18,240.222
2016-06-19,240.222
2016-06-20,240.222
2016-06-21,240.222
2016-06-22,240.222
2016-06-23,240.222
2016-06-24,240.222
2016-06-25,240.222
2016-06-26,240.222
2016-06-27,240.222
2016-06-28,240.222
2016-06-29,240.222
2016-06-30,240.222
2016-07-01,240.101
2016-07-02,240.101
2016-07-03,240.101
2016-07-04,240.101
2016-07-05,240.101
2016-07-06,240.101
2016-07-07,240.101
2016-07-08,240.101
2016-07-09,240.101
2016-07-10,240.101
2016-07-11,240.101
2016-07-12,240.101
2016-07-13,240.101
2016-07-14,240.101
2016-07-15,240.101
2016-07-16,240.101
2016-07-17,240.101
2016-07-18,240.101
2016-07-19,240.101
2016-07-20,240.101
2016-07-21,240.101
2016-07-22,240.101
2016-07-23,240.101
2016-07-24,240.101
2016-07-25,240.101
2016-07-26,240.101
2016-07-27,240.101
2016-07-28,240.101
2016-07-29,240.101
2016-07-30,240.101
2016-07-31,240.101
2016-08-01,240.545
2016-08-02,240.545
2016-08-03,240.545
2016-08-04,240.545
2016-08-05,240.545
2016-08-06,240.545
2016-08-07,240.545
2016-08-08,240.545
2016-08-09,240.545
2016-08-10,240.545
2016-08-11,240.545
2016-08-12,240.545
2016-08-13,240.545
2016-08-14,240.545
2016-08-15,240.545
2016-08-16,240.545
2016-08-17,240.545
2016-08-18,240.545
2016-08-19,240.545
2016-08-20,240.545
2016-08-21,240.545
2016-08-22,240.545
2016-08-23,240.545
2016-08-24,240.545
2016-08-25,240.545
2016-08-26,240.545
2016-08-27,240.545
2016-08-28,240.545
2016-08-29,240.545
2016-08-30,240.545
2016-08-31,240.545
2016-09-01,241.176
2016-09-02,241.176
2016-09-03,241.176
2016-09-04,241.176
2016-09-05,241.176
2016-09-06,241.176
2016-09-07,241.176
2016-09-08,241.176
2016-09-09,241.176
2016-09-10,241.176
2016-09-11,241.176
2016-09-12,241.176
2016-09-13,241.176
2016-09-14,241.176
2016-09-15,241.176
2016-09-16,241.176
2016-09-17,241.176
2016-09-18,241.176
2016-09-19,241.176
2016-09-20,241.176
2016-09-21,241.176
2016-09-22,241.176
2016-09-23,241.176
2016-09-24,241.176
2016-09-25,241.176
2016-09-26,241.176
2016-09-27,241.176
2016-09-28,241.176
2016-09-29,241.176
2016-09-30,241.176
2016-10-01,241.741
2016-10-02,241.741
2016-10-03,241.741
2016-10-04,241.741
2016-10-05,241.741
2016-10-06,241.741
2016-10-07,241.741
2016-10-08,241.741
2016-10-09,241.741
2016-10-10,241.741
2016-10-11,241.741
2016-10-12,241.741
2016-10-13,241.741
2016-10-14,241.741
2016-10-15,241.741
2016-10-16,241.741
2016-10-17,241.741
2016-10-18,241.741
2016-10-19,241.741
2016-10-20,241.741
2016-10-21,241.741
2016-10-22,241.741
2016-10-23,241.741
2016-10-24,241.741
2016-10-25,241.741
2016-10-26,241.741
2016-10-27,241.741
2016-10-28,241.741
2016-10-29,241.741
2016-10-30,241.741
2016-10-31,241.741
2016-11-01,242.026
2016-11-02,242.026
2016-11-03,242.026
2016-11-04,242.026
2016-11-05,242.026
2016-11-06,242.026
2016-11-07,242.026
2016-11-08,242.026
2016-11-09,242.026
2016-11-10,242.026
2016-11-11,242.026
2016-11-12,242.026
2016-11-13,242.026
2016-11-14,242.026
2016-11-15,242.026
2016-11-16,242.026
2016-11-17,242.026
2016-11-18,242.026
2016-11-19,242.026
2016-11-20,242.026
2016-11-21,242.026
2016-11-22,242.026
2016-11-23,242.026
2016-11-24,242.026
2016-11-25,242.026
2016-11-26,242.026
2016-11-27,242.026
2016-11-28,242.026
2016-11-29,242.026
2016-11-30,242.026
2016-12-01,242.637
2016-12-02,242.637
2016-12-03,242.637
2016-12-04,242.637
2016-12-05,242.637
2016-12-06,242.637
2016-12-07,242.637
2016-12-08,242.637
2016-12-09,242.637
2016-12-10,242.637
2016-12-11,242.637
2016-12-12,242.637
2016-12-13,242.637
2016-12-14,242.637
2016-12-15,242.637
2016-12-16,242.637
2016-12-17,242.637
2016-12-18,242.637
2016-12-19,242.637
2016-12-20,242.637
2016-12-21,242.637
2016-12-22,242.637
2016-12-23,242.637
2016-12-24,242.637
2016-12-25,242.637
2016-12-26,242.637
2016-12-27,242.637
2016-12-28,242.637
2016-12-29,242.637
2016-12-30,242.637
2016-12-31,242.637
2017-01-01,243.618
2017-01-02,243.618
2017-01-03,243.618
2017-01-04,243.618
2017-01-05,243.618
2017-01-06,243.618
2017-01-07,243.618
2017-01-08,243.618
2017-01-09,243.618
2017-01-10,243.618
2017-01-11,243.618
2017-01-12,243.618
2017-01-13,243.618
2017-01-14,243.618
2017-01-15,243.618
2017-01-16,243.618
2017-01-17,243.618
2017-01-18,243.618
2017-01-19,243.618
2017-01-20,243.618
2017-01-21,243.618
2017-01-22,243.618
2017-01-23,243.618
2017-01-24,243.618
2017-01-25,243.618
2017-01-26,243.618
2017-01-27,243.618
2017-01-28,243.618
2017-01-29,243.618
2017-01-30,243.618
2017-01-31,243.618
2017-02-01,244.006
2017-02-02,244.006
2017-02-03,244.006
2017-02-04,244.006
2017-02-05,244.006
2017-02-06,244.006
2017-02-07,244.006
2017-02-08,244.006
2017-02-09,244.006
2017-02-10,244.006
2017-02-11,244.006
2017-02-12,244.006
2017-02-13,244.006
2017-02-14,244.006
2017-02-15,244.006
2017-02-16,244.006
2017-02-17,244.006
2017-02-18,244.006
2017-02-19,244.006
2017-02-20,244.006
2017-02-21,244.006
2017-02-22,244.006
2017-02-23,244.006
2017-02-24,244.006
2017-02-25,244.006
2017-02-26,244.006
2017-02-27,244.006
2017-02-28,244.006
2017-03-01,243.892
2017-03-02,243.892
2017-03-03,243.892
2017-03-04,243.892
2017-03-05,243.892
2017-03-06,243.892
2017-03-07,243.892
2017-03-08,243.892
2017-03-09,243.892
2017-03-10,243.892
2017-03-11,243.892
2017-03-12,243.892
2017-03-13,243.892
2017-03-14,243.892
2017-03-15,243.892
2017-03-16,243.892
2017-03-17,243.892
2017-03-18,243.892
2017-03-19,243.892
2017-03-20,243.892
2017-03-21,243.892
2017-03-22,243.892
2017-03-23,243.892
2017-03-24,243.892
2017-03-25,243.892
2017-03-26,243.892
2017-03-27,243.892
2017-03-28,243.892
2017-03-29,243.892
2017-03-30,243.892
2017-03-31,243.892
2017-04-01,244.193
2017-04-02,244.193
2017-04-03,244.193
2017-04-04,244.193
2017-04-05,244.193
2017-04-06,244.193
2017-04-07,244.193
2017-04-08,244.193
2017-04-09,244.193
2017-04-10,244.193
2017-04-11,244.193
2017-04-12,244.193
2017-04-13,244.193
2017-04-14,244.193
2017-04-15,244.193
2017-04-16,244.193
2017-04-17,244.193
2017-04-18,244.193
2017-04-19,244.193
2017-04-20,244.193
2017-04-21,244.193
2017-04-22,244.193
2017-04-23,244.193
2017-04-24,244.193
2017-04-25,244.193
2017-04-26,244.193
2017-04-27,244.193
2017-04-28,244.193
2017-04-29,244.193
2017-04-30,244.193
2017-05-01,244.004
2017-05-02,244.004
2017-05-03,244.004
2017-05-04,244.004
2017-05-05,244.004
2017-05-06,244.004
2017-05-07,244.004
2017-05-08,244.004
2017-05-09,244.004
2017-05-10,244.004
2017-05-11,244.004
2017-05-12,244.004
2017-05-13,244.004
2017-05-14,244.004
2017-05-15,244.004
2017-05-16,244.004
2017-05-17,244.004
2017-05-18,244.004
2017-05-19,244.004
2017-05-20,244.004
2017-05-21,244.004
2017-05-22,244.004
2017-05-23,244.004
2017-05-24,244.004
2017-05-25,244.004
2017-05-26,244.004
2017-05-27,244.004
2017-05-28,244.004
2017-05-29,244.004
2017-05-30,244.004
2017-05-31,244.004
2017-06-01,244.163
2017-06-02,244.163
2017-06-03,244.163
2017-06-04,244.163
2017-06-05,244.163
2017-06-06,244.163
2017-06-07,244.163
2017-06-08,244.163
2017-06-09,244.163
2017-06-10,244.163
2017-06-11,244.163
2017-06-12,244.163
2017-06-13,244.163
2017-06-14,244.163
2017-06-15,244.163
2017-06-16,244.163
2017-06-17,244.163
2017-06-18,244.163
2017-06-19,244.163
2017-06-20,244.163
2017-06-21,244.163
2017-06-22,244.163
2017-06-23,244.163
2017-06-24,244.163
2017-06-25,244.163
2017-06-26,244.163
2017-06-27,244.163
2017-06-28,244.163
2017-06-29,244.163
2017-06-30,244.163
2017-07-01,244.243
2017-07-02,244.243
2017-07-03,244.243
2017-07-04,244.243
2017-07-05,244.243
2017-07-06,244.243
2017-07-07,244.243
2017-07-08,244.243
2017-07-09,244.243
2017-07-10,244.243
2017-07-11,244.243
2017-07-12,244.243
2017-07-13,244.243
2017-07-14,244.243
2017-07-15,244.243
2017-07-16,244.243
2017-07-17,244.243
2017-07-18,244.243
2017-07-19,244.243
2017-07-20,244.243
2017-07-21,244.243
2017-07-22,244.243
2017-07-23,244.243
2017-07-24,244.243
2017-07-25,244.243
2017-07-26,244.243
2017-07-27,244.243
2017-07-28,244.243
2017-07-29,244.243
2017-07-30,244.243
2017-07-31,244.243
2017-08-01,245.183
2017-08-02,245.183
2017-08-03,245.183
2017-08-04,245.183
2017-08-05,245.183
2017-08-06,245.183
2017-08-07,245.183
2017-08-08,245.183
2017-08-09,245.183
2017-08-10,245.183
2017-08-11,245.183
2017-08-12,245.183
2017-08-13,245.183
2017-08-14,245.183
2017-08-15,245.183
2017-08-16,245.183
2017-08-17,245.183
2017-08-18,245.183
2017-08-19,245.183
2017-08-20,245.183
2017-08-21,245.183
2017-08-22,245.183
2017-08-23,245.183
2017-08-24,245.183
2017-08-25,245.183
2017-08-26,245.183
2017-08-27,245.183
2017-08-28,245.183
2017-08-29,245.183
2017-08-30,245.183
2017-08-31,245.183
2017-09-01,246.435
2017-09-02,246.435
2017-09-03,246.435
2017-09-04,246.435
2017-09-05,246.435
2017-09-06,246.435
2017-09-07,246.435
2017-09-08,246.435
2017-09-09,246.435
2017-09-10,246.435
2017-09-11,246.435
2017-09-12,246.435
2017-09-13,246.435
2017-09-14,246.435
2017-09-15,246.435
2017-09-16,246.435
2017-09-17,246.435
2017-09-18,246.435
2017-09-19,246.435
2017-09-20,246.435
2017-09-21,246.435
2017-09-22,246.435
2017-09-23,246.435
2017-09-24,246.435
2017-09-25,246.435
2017-09-26,246.435
2017-09-27,246.435
2017-09-28,246.435
2017-09-29,246.435
2017-09-30,246.435
2017-10-01,246.626
2017-10-02,246.626
2017-10-03,246.626
2017-10-04,246.626
2017-10-05,246.626
2017-10-06,246.626
2017-10-07,246.626
2017-10-08,246.626
2017-10-09,246.626
2017-10-10,246.626
2017-10-11,246.626
2017-10-12,246.626
2017-10-13,246.626
2017-10-14,246.626
2017-10-15,246.626
2017-10-16,246.626
2017-10-17,246.626
2017-10-18,246.626
2017-10-19,246.626
2017-10-20,246.626
2017-10-21,246.626
2017-10-22,246.626
2017-10-23,246.626
2017-10-24,246.626
2017-10-25,246.626
2017-10-26,246.626
2017-10-27,246.626
2017-10-28,246.626
2017-10-29,246.626
2017-10-30,246.626
2017-10-31,246.626
2017-11-01,247.284
2017-11-02,247.284
2017-11-03,247.284
2017-11-04,247.284
2017-11-05,247.284
2017-11-06,247.284
2017-11-07,247.284
2017-11-08,247.284
2017-11-09,247.284
2017-11-10,247.284
2017-11-11,247.284
2017-11-12,247.284
2017-11-13,247.284
2017-11-14,247.284
2017-11-15,247.284
2017-11-16,247.284
2017-11-17,247.284
2017-11-18,247.284
2017-11-19,247.284
2017-11-20,247.284
2017-11-21,247.284
2017-11-22,247.284
2017-11-23,247.284
2017-11-24,247.284
2017-11-25,247.284
2017-11-26,247.284
2017-11-27,247.284
2017-11-28,247.284
2017-11-29,247.284
2017-11-30,247.284
2017-12-01,247.805
2017-12-02,247.805
2017-12-03,247.805
2017-12-04,247.805
2017-12-05,247.805
2017-12-06,247.805
2017-12-07,247.805
2017-12-08,247.805
2017-12-09,247.805
2017-12-10,247.805
2017-12-11,247.805
2017-12-12,247.805
2017-12-13,247.805
2017-12-14,247.805
2017-12-15,247.805
2017-12-16,247.805
2017-12-17,247.805
2017-12-18,247.805
2017-12-19,247.805
2017-12-20,247.805
2017-12-21,247.805
2017-12-22,247.805
2017-12-23,247.805
2017-12-24,247.805
2017-12-25,247.805
2017-12-26,247.805
2017-12-27,247.805
2017-12-28,247.805
2017-12-29,247.805
2017-12-30,247.805
2017-12-31,247.805
2018-01-01,248.859
2018-01-02,248.859
2018-01-03,248.859
2018-01-04,248.859
2018-01-05,248.859
2018-01-06,248.859
2018-01-07,248.859
2018-01-08,248.859
2018-01-09,248.859
2018-01-10,248.859
2018-01-11,248.859
2018-01-12,248.859
2018-01-13,248.859
2018-01-14,248.859
2018-01-15,248.859
2018-01-16,248.859
2018-01-17,248.859
2018-01-18,248.859
2018-01-19,248.859
2018-01-20,248.859
2018-01-21,248.859
2018-01-22,248.859
2018-01-23,248.859
2018-01-24,248.859
2018-01-25,248.859
2018-01-26,248.859
2018-01-27,248.859
2018-01-28,248.859
2018-01-29,248.859
2018-01-30,248.859
2018-01-31,248.859
2018-02-01,249.529
2018-02-02,249.529
2018-02-03,249.529
2018-02-04,249.529
2018-02-05,249.529
2018-02-06,249.529
2018-02-07,249.529
2018-02-08,249.529
2018-02-09,249.529
2018-02-10,249.529
2018-02-11,249.529
2018-02-12,249.529
2018-02-13,249.529
2018-02-14,249.529
2018-02-15,249.529
2018-02-16,249.529
2018-02-17,249.529
2018-02-18,249.529
2018-02-19,249.529
2018-02-20,249.529
2018-02-21,249.529
2018-02-22,249.529
2018-02-23,249.529
2018-02-24,249.529
2018-02-25,249.529
2018-02-26,249.529
2018-02-27,249.529
2018-02-28,249.529
2018-03-01,249.577
2018-03-02,249.577
2018-03-03,249.577
2018-03-04,249.577
2018-03-05,249.577
2018-03-06,249.577
2018-03-07,249.577
2018-03-08,249.577
2018-03-09,249.577
2018-03-10,249.577
2018-03-11,249.577
2018-03-12,249.577
2018-03-13,249.577
2018-03-14,249.577
2018-03-15,249.577
2018-03-16,249.577
2018-03-17,249.577
2018-03-18,249.577
2018-03-19,249.577
2018-03-20,249.577
2018-03-21,249.577
2018-03-22,249.577
2018-03-23,249.577
2018-03-24,249.577
2018-03-25,249.577
2018-03-26,249.577
2018-03-27,249.577
2018-03-28,249.577
2018-03-29,249.577
2018-03-30,249.577
2018-03-31,249.577
2018-04-01,250.227
2018-04-02,250.227
2018-04-03,250.227
2018-04-04,250.227
2018-04-05,250.227
2018-04-06,250.227
2018-04-07,250.227
2018-04-08,250.227
2018-04-09,250.227
2018-04-10,250.227
2018-04-11,250.227
2018-04-12,250.227
2018-04-13,250.227
2018-04-14,250.227
2018-04-15,250.227
2018-04-16,250.227
2018-04-17,250.227
2018-04-18,250.227
2018-04-19,250.227
2018-04-20,250.227
2018-04-21,250.227
2018-04-22,250.227
2018-04-23,250.227
2018-04-24,250.227
2018-04-25,250.227
2018-04-26,250.227
2018-04-27,250.227
2018-04-28,250.227
2018-04-29,250.227
2018-04-30,250.227
2018-05-01,250.792
2018-05-02,250.792
2018-05-03,250.792
2018-05-04,250.792
2018-05-05,250.792
2018-05-06,250.792
2018-05-07,250.792
2018-05-08,250.792
2018-05-09,250.792
2018-05-10,250.792
2018-05-11,250.792
2018-05-12,250.792
2018-05-13,250.792
2018-05-14,250.792
2018-05-15,250.792
2018-05-16,250.792
2018-05-17,250.792
2018-05-18,250.792
2018-05-19,250.792
2018-05-20,250.792
2018-05-21,250.792
2018-05-22,250.792
2018-05-23,250.792
2018-05-24,250.792
2018-05-25,250.792
2018-05-26,250.792
2018-05-27,250.792
2018-05-28,250.792
2018-05-29,250.792
2018-05-30,250.792
2018-05-31,250.792
2018-06-01,251.018
2018-06-02,251.018
2018-06-03,251.018
2018-06-04,251.018
2018-06-05,251.018
2018-06-06,251.018
2018-06-07,251.018
2018-06-08,251.018
2018-06-09,251.018
2018-06-10,251.018
2018-06-11,251.018
2018-06-12,251.018
2018-06-13,251.018
2018-06-14,251.018
2018-06-15,251.018
2018-06-16,251.018
2018-06-17,251.018
2018-06-18,251.018
2018-06-19,251.018
2018-06-20,251.018
2018-06-21,251.018
2018-06-22,251.018
2018-06-23,251.018
2018-06-24,251.018
2018-06-25,251.018
2018-06-26,251.018
2018-06-27,251.018
2018-06-28,251.018
2018-06-29,251.018
2018-06-30,251.018
2018-07-01,251.214
2018-07-02,251.214
2018-07-03,251.214
2018-07-04,251.214
2018-07-05,251.214
2018-07-06,251.214
2018-07-07,251.214
2018-07-08,251.214
2018-07-09,251.214
2018-07-10,251.214
2018-07-11,251.214
2018-07-12,251.214
2018-07-13,251.214
2018-07-14,251.214
2018-07-15,251.214
2018-07-16,251.214
2018-07-17,251.214
2018-07-18,251.214
2018-07-19,251.214
2018-07-20,251.214
2018-07-21,251.214
2018-07-22,251.214
2018-07-23,251.214
2018-07-24,251.214
2018-07-25,251.214
2018-07-26,251.214
2018-07-27,251.214
2018-07-28,251.214
2018-07-29,251.214
2018-07-30,251.214
2018-07-31,251.214
2018-08-01,251.663
2018-08-02,251.663
2018-08-03,251.663
2018-08-04,251.663
2018-08-05,251.663
2018-08-06,251.663
2018-08-07,251.663
2018-08-08,251.663
2018-08-09,251.663
2018-08-10,251.663
2018-08-11,251.663
2018-08-12,251.663
2018-08-13,251.663
2018-08-14,251.663
2018-08-15,251.663
2018-08-16,251.663
2018-08-17,251.663
2018-08-18,251.663
2018-08-19,251.663
2018-08-20,251.663
2018-08-21,251.663
2018-08-22,251.663
2018-08-23,251.663
2018-08-24,251.663
2018-08-25,251.663
2018-08-26,251.663
2018-08-27,251.663
2018-08-28,251.663
2018-08-29,251.663
2018-08-30,251.663
2018-08-31,251.663
2018-09-01,252.182
2018-09-02,252.182
2018-09-03,252.182
2018-09-04,252.182
2018-09-05,252.182
2018-09-06,252.182
2018-09-07,252.182
2018-09-08,252.182
2018-09-09,252.182
2018-09-10,252.182
2018-09-11,252.182
2018-09-12,252.182
2018-09-13,252.182
2018-09-14,252.182
2018-09-15,252.182
2018-09-16,252.182
2018-09-17,252.182
2018-09-18,252.182
2018-09-19,252.182
2018-09-20,252.182
2018-09-21,252.182
2018-09-22,252.182
2018-09-23,252.182
2018-09-24,252.182
2018-09-25,252.182
2018-09-26,252.182
2018-09-27,252.182
2018-09-28,252.182
2018-09-29,252.182
2018-09-30,252.182
2018-10-01,252.772
2018-10-02,252.772
2018-10-03,252.772
2018-10-04,252.772
2018-10-05,252.772
2018-10-06,252.772
2018-10-07,252.772
2018-10-08,252.772
2018-10-09,252.772
2018-10-10,252.772
2018-10-11,252.772
2018-10-12,252.772
2018-10-13,252.772
2018-10-14,252.772
2018-10-15,252.772
2018-10-16,252.772
2018-10-17,252.772
2018-10-18,252.772
2018-10-19,252.772
2018-10-20,252.772
2018-10-21,252.772
2018-10-22,252.772
2018-10-23,252.772
2018-10-24,252.772
2018-10-25,252.772
2018-10-26,252.772
2018-10-27,252.772
2018-10-28,252.772
2018-10-29,252.772
2018-10-30,252.772
2018-10-31,252.772
2018-11-01,252.594
2018-11-02,252.594
2018-11-03,252.594
2018-11-04,252.594
2018-11-05,252.594
2018-11-06,252.594
2018-11-07,252.594
2018-11-08,252.594
2018-11-09,252.594
2018-11-10,252.594
2018-11-11,252.594
2018-11-12,252.594
2018-11-13,252.594
2018-11-14,252.594
2018-11-15,252.594
2018-11-16,252.594
2018-11-17,252.594
2018-11-18,252.594
2018-11-19,252.594
2018-11-20,252.594
2018-11-21,252.594
2018-11-22,252.594
2018-11-23,252.594
2018-11-24,252.594
2018-11-25,252.594
2018-11-26,252.594
2018-11-27,252.594
2018-11-28,252.594
2018-11-29,252.594
2018-11-30,252.594
2018-12-01,252.767
2018-12-02,252.767
2018-12-03,252.767
2018-12-04,252.767
2018-12-05,252.767
2018-12-06,252.767
2018-12-07,252.767
2018-12-08,252.767
2018-12-09,252.767
2018-12-10,252.767
2018-12-11,252.767
2018-12-12,252.767
2018-12-13,252.767
2018-12-14,252.767
2018-12-15,252.767
2018-12-16,252.767
2018-12-17,252.767
2018-12-18,252.767
2018-12-19,252.767
2018-12-20,252.767
2018-12-21,252.767
2018-12-22,252.767
2018-12-23,252.767
2018-12-24,252.767
2018-12-25,252.767
2018-12-26,252.767
2018-12-27,252.767
2018-12-28,252.767
2018-12-29,252.767
2018-12-30,252.767
2018-12-31,252.767
2019-01-01,252.718
2019-01-02,252.718
2019-01-03,252.718
2019-01-04,252.718
2019-01-05,252.718
2019-01-06,252.718
2019-01-07,252.718
2019-01-08,252.718
2019-01-09,252.718
2019-01-10,252.718
2019-01-11,252.718
2019-01-12,252.718
2019-01-13,252.718
2019-01-14,252.718
2019-01-15,252.718
2019-01-16,252.718
2019-01-17,252.718
2019-01-18,252.718
2019-01-19,252.718
2019-01-20,252.718
2019-01-21,252.718
2019-01-22,252.718
2019-01-23,252.718
2019-01-24,252.718
2019-01-25,252.718
2019-01-26,252.718
2019-01-27,252.718
2019-01-28,252.718
2019-01-29,252.718
2019-01-30,252.718
2019-01-31,252.718
2019-02-01,253.322
2019-02-02,253.322
2019-02-03,253.322
2019-02-04,253.322
2019-02-05,253.322
2019-02-06,253.322
2019-02-07,253.322
2019-02-08,253.322
2019-02-09,253.322
2019-02-10,253.322
2019-02-11,253.322
2019-02-12,253.322
2019-02-13,253.322
2019-02-14,253.322
2019-02-15,253.322
2019-02-16,253.322
2019-02-17,253.322
2019-02-18,253.322
2019-02-19,253.322
2019-02-20,253.322
2019-02-21,253.322
2019-02-22,253.322
2019-02-23,253.322
2019-02-24,253.322
2019-02-25,253.322
2019-02-26,253.322
2019-02-27,253.322
2019-02-28,253.322
2019-03-01,254.202
2019-03-02,254.202
2019-03-03,254.202
2019-03-04,254.202
2019-03-05,254.202
2019-03-06,254.202
2019-03-07,254.202
2019-03-08,254.202
2019-03-09,254.202
2019-03-10,254.202
2019-03-11,254.202
2019-03-12,254.202
2019-03-13,254.202
2019-03-14,254.202
2019-03-15,254.202
2019-03-16,254.202
2019-03-17,254.202
2019-03-18,254.202
2019-03-19,254.202
2019-03-20,254.202
2019-03-21,254.202
2019-03-22,254.202
2019-03-23,254.202
2019-03-24,254.202
2019-03-25,254.202
2019-03-26,254.202
2019-03-27,254.202
2019-03-28,254.202
2019-03-29,254.202
2019-03-30,254.202
2019-03-31,254.202
2019-04-01,255.211
2019-04-02,255.211
2019-04-03,255.211
2019-04-04,255.211
2019-04-05,255.211
2019-04-06,255.211
2019-04-07,255.211
2019-04-08,255.211
2019-04-09,255.211
2019-04-10,255.211
2019-04-11,255.211
2019-04-12,255.211
2019-04-13,255.211
2019-04-14,255.211
2019-04-15,255.211
2019-04-16,255.211
2019-04-17,255.211
2019-04-18,255.211
2019-04-19,255.211
2019-04-20,255.211
2019-04-21,255.211
2019-04-22,255.211
2019-04-23,255.211
2019-04-24,255.211
2019-04-25,255.211
2019-04-26,255.211
2019-04-27,255.211
2019-04-28,255.211
2019-04-29,255.211
2019-04-30,255.211
2019-05-01,255.29
2019-05-02,255.29
2019-05-03,255.29
2019-05-04,255.29
2019-05-05,255.29
2019-05-06,255.29
2019-05-07,255.29
2019-05-08,255.29
2019-05-09,255.29
2019-05-10,255.29
2019-05-11,255.29
2019-05-12,255.29
2019-05-13,255.29
2019-05-14,255.29
2019-05-15,255.29
2019-05-16,255.29
2019-05-17,255.29
2019-05-18,255.29
2019-05-19,255.29
2019-05-20,255.29
2019-05-21,255.29
2019-05-22,255.29
2019-05-23,255.29
2019-05-24,255.29
2019-05-25,255.29
2019-05-26,255.29
2019-05-27,255.29
2019-05-28,255.29
2019-05-29,255.29
2019-05-30,255.29
2019-05-31,255.29
2019-06-01,255.159
2019-06-02,255.159
2019-06-03,255.159
2019-06-04,255.159
2019-06-05,255.159
2019-06-06,255.159
2019-06-07,255.159
2019-06-08,255.159
2019-06-09,255.159
2019-06-10,255.159
2019-06-11,255.159
2019-06-12,255.159
2019-06-13,255.159
2019-06-14,255.159
2019-06-15,255.159
2019-06-16,255.159
2019-06-17,255.159
2019-06-18,255.159
2019-06-19,255.159
2019-06-20,255.159
2019-06-21,255.159
2019-06-22,255.159
2019-06-23,255.159
2019-06-24,255.159
2019-06-25,255.159
2019-06-26,255.159
2019-06-27,255.159
2019-06-28,255.159
2019-06-29,255.159
2019-06-30,255.159
2019-07-01,255.685
2019-07-02,255.685
2019-07-03,255.685
2019-07-04,255.685
2019-07-05,255.685
2019-07-06,255.685
2019-07-07,255.685
2019-07-08,255.685
2019-07-09,255.685
2019-07-10,255.685
2019-07-11,255.685
2019-07-12,255.685
2019-07-13,255.685
2019-07-14,255.685
2019-07-15,255.685
2019-07-16,255.685
2019-07-17,255.685
2019-07-18,255.685
2019-07-19,255.685
2019-07-20,255.685
2019-07-21,255.685
2019-07-22,255.685
2019-07-23,255.685
2019-07-24,255.685
2019-07-25,255.685
2019-07-26,255.685
2019-07-27,255.685
2019-07-28,255.685
2019-07-29,255.685
2019-07-30,255.685
2019-07-31,255.685
2019-08-01,256.059
2019-08-02,256.059
2019-08-03,256.059
2019-08-04,256.059
2019-08-05,256.059
2019-08-06,256.059
2019-08-07,256.059
2019-08-08,256.059
2019-08-09,256.059
2019-08-10,256.059
2019-08-11,256.059
2019-08-12,256.059
2019-08-13,256.059
2019-08-14,256.059
2019-08-15,256.059
2019-08-16,256.059
2019-08-17,256.059
2019-08-18,256.059
2019-08-19,256.059
2019-08-20,256.059
2019-08-21,256.059
2019-08-22,256.059
2019-08-23,256.059
2019-08-24,256.059
2019-08-25,256.059
2019-08-26,256.059
2019-08-27,256.059
2019-08-28,256.059
2019-08-29,256.059
2019-08-30,256.059
2019-08-31,256.059
2019-09-01,256.511
2019-09-02,256.511
2019-09-03,256.511
2019-09-04,256.511
2019-09-05,256.511
2019-09-06,256.511
2019-09-07,256.511
2019-09-08,256.511
2019-09-09,256.511
2019-09-10,256.511
2019-09-11,256.511
2019-09-12,256.511
2019-09-13,256.511
2019-09-14,256.511
2019-09-15,256.511
2019-09-16,256.511
2019-09-17,256.511
2019-09-18,256.511
2019-09-19,256.511
2019-09-20,256.511
2019-09-21,256.511
2019-09-22,256.511
2019-09-23,256.511
2019-09-24,256.511
2019-09-25,256.511
2019-09-26,256.511
2019-09-27,256.511
2019-09-28,256.511
2019-09-29,256.511
2019-09-30,256.511
2019-10-01,257.244
2019-10-02,257.244
2019-10-03,257.244
2019-10-04,257.244
2019-10-05,257.244
2019-10-06,257.244
2019-10-07,257.244
2019-10-08,257.244
2019-10-09,257.244
2019-10-10,257.244
2019-10-11,257.244
2019-10-12,257.244
2019-10-13,257.244
2019-10-14,257.244
2019-10-15,257.244
2019-10-16,257.244
2019-10-17,257.244
2019-10-18,257.244
2019-10-19,257.244
2019-10-20,257.244
2019-10-21,257.244
2019-10-22,257.244
2019-10-23,257.244
2019-10-24,257.244
2019-10-25,257.244
2019-10-26,257.244
2019-10-27,257.244
2019-10-28,257.244
2019-10-29,257.244
2019-10-30,257.244
2019-10-31,257.244
2019-11-01,257.803
2019-11-02,257.803
2019-11-03,257.803
2019-11-04,257.803
2019-11-05,257.803
2019-11-06,257.803
2019-11-07,257.803
2019-11-08,257.803
2019-11-09,257.803
2019-11-10,257.803
2019-11-11,257.803
2019-11-12,257.803
2019-11-13,257.803
2019-11-14,257.803
2019-11-15,257.803
2019-11-16,257.803
2019-11-17,257.803
2019-11-18,257.803
2019-11-19,257.803
2019-11-20,257.803
2019-11-21,257.803
2019-11-22,257.803
2019-11-23,257.803
2019-11-24,257.803
2019-11-25,257.803
2019-11-26,257.803
2019-11-27,257.803
2019-11-28,257.803
2019-11-29,257.803
2019-11-30,257.803
2019-12-01,258.616
2019-12-02,258.616
2019-12-03,258.616
2019-12-04,258.616
2019-12-05,258.616
2019-12-06,258.616
2019-12-07,258.616
2019-12-08,258.616
2019-12-09,258.616
2019-12-10,258.616
2019-12-11,258.616
2019-12-12,258.616
2019-12-13,258.616
2019-12-14,258.616
2019-12-15,258.616
2019-12-16,258.616
2019-12-17,258.616
2019-12-18,258.616
2019-12-19,258.616
2019-12-20,258.616
2019-12-21,258.616
2019-12-22,258.616
2019-12-23,258.616
2019-12-24,258.616
2019-12-25,258.616
2019-12-26,258.616
2019-12-27,258.616
2019-12-28,258.616
2019-12-29,258.616
2019-12-30,258.616
2019-12-31,258.616
2020-01-01,259.037
2020-01-02,259.037
2020-01-03,259.037
2020-01-04,259.037
2020-01-05,259.037
2020-01-06,259.037
2020-01-07,259.037
2020-01-08,259.037
2020-01-09,259.037
2020-01-10,259.037
2020-01-11,259.037
2020-01-12,259.037
2020-01-13,259.037
2020-01-14,259.037
2020-01-15,259.037
2020-01-16,259.037
2020-01-17,259.037
2020-01-18,259.037
2020-01-19,259.037
2020-01-20,259.037
2020-01-21,259.037
2020-01-22,259.037
2020-01-23,259.037
2020-01-24,259.037
2020-01-25,259.037
2020-01-26,259.037
2020-01-27,259.037
2020-01-28,259.037
2020-01-29,259.037
2020-01-30,259.037
2020-01-31,259.037
2020-02-01,259.248
2020-02-02,259.248
2020-02-03,259.248
2020-02-04,259.248
2020-02-05,259.248
2020-02-06,259.248
2020-02-07,259.248
2020-02-08,259.248
2020-02-09,259.248
2020-02-10,259.248
2020-02-11,259.248
2020-02-12,259.248
2020-02-13,259.248
2020-02-14,259.248
2020-02-15,259.248
2020-02-16,259.248
2020-02-17,259.248
2020-02-18,259.248
2020-02-19,259.248
2020-02-20,259.248
2020-02-21,259.248
2020-02-22,259.248
2020-02-23,259.248
2020-02-24,259.248
2020-02-25,259.248
2020-02-26,259.248
2020-02-27,259.248
2020-02-28,259.248
2020-02-29,259.248
2020-03-01,258.124
2020-03-02,258.124
2020-03-03,258.124
2020-03-04,258.124
2020-03-05,258.124
2020-03-06,258.124
2020-03-07,258.124
2020-03-08,258.124
2020-03-09,258.124
2020-03-10,258.124
2020-03-11,258.124
2020-03-12,258.124
2020-03-13,258.124
2020-03-14,258.124
2020-03-15,258.124
2020-03-16,258.124
2020-03-17,258.124
2020-03-18,258.124
2020-03-19,258.124
2020-03-20,258.124
2020-03-21,258.124
2020-03-22,258.124
2020-03-23,258.124
2020-03-24,258.124
2020-03-25,258.124
2020-03-26,258.124
2020-03-27,258.124
2020-03-28,258.124
2020-03-29,258.124
2020-03-30,258.124
2020-03-31,258.124
2020-04-01,256.092
2020-04-02,256.092
2020-04-03,256.092
2020-04-04,256.092
2020-04-05,256.092
2020-04-06,256.092
2020-04-07,256.092
2020-04-08,256.092
2020-04-09,256.092
2020-04-10,256.092
2020-04-11,256.092
2020-04-12,256.092
2020-04-13,256.092
2020-04-14,256.092
2020-04-15,256.092
2020-04-16,256.092
2020-04-17,256.092
2020-04-18,256.092
2020-04-19,256.092
2020-04-20,256.092
2020-04-21,256.092
2020-04-22,256.092
2020-04-23,256.092
2020-04-24,256.092
2020-04-25,256.092
2020-04-26,256.092
2020-04-27,256.092
2020-04-28,256.092
2020-04-29,256.092
2020-04-30,256.092
2020-05-01,255.868
2020-05-02,255.868
2020-05-03,255.868
2020-05-04,255.868
2020-05-05,255.868
2020-05-06,255.868
2020-05-07,255.868
2020-05-08,255.868
2020-05-09,255.868
2020-05-10,255.868
2020-05-11,255.868
2020-05-12,255.868
2020-05-13,255.868
2020-05-14,255.868
2020-05-15,255.868
2020-05-16,255.868
2020-05-17,255.868
2020-05-18,255.868
2020-05-19,255.868
2020-05-20,255.868
2020-05-21,255.868
2020-05-22,255.868
2020-05-23,255.868
2020-05-24,255.868
2020-05-25,255.868
2020-05-26,255.868
2020-05-27,255.868
2020-05-28,255.868
2020-05-29,255.868
2020-05-30,255.868
2020-05-31,255.868
2020-06-01,256.986
2020-06-02,256.986
2020-06-03,256.986
2020-06-04,256.986
2020-06-05,256.986
2020-06-06,256.986
2020-06-07,256.986
2020-06-08,256.986
2020-06-09,256.986
2020-06-10,256.986
2020-06-11,256.986
2020-06-12,256.986
2020-06-13,256.986
2020-06-14,256.986
2020-06-15,256.986
2020-06-16,256.986
2020-06-17,256.986
2020-06-18,256.986
2020-06-19,256.986
2020-06-20,256.986
2020-06-21,256.986
2020-06-22,256.986
2020-06-23,256.986
2020-06-24,256.986
2020-06-25,256.986
2020-06-26,256.986
2020-06-27,256.986
2020-06-28,256.986
2020-06-29,256.986
2020-06-30,256.986
2020-07-01,258.278
2020-07-02,258.278
2020-07-03,258.278
2020-07-04,258.278
2020-07-05,258.278
2020-07-06,258.278
2020-07-07,258.278
2020-07-08,258.278
2020-07-09,258.278
2020-07-10,258.278
2020-07-11,258.278
2020-07-12,258.278
2020-07-13,258.278
2020-07-14,258.278
2020-07-15,258.278
2020-07-16,258.278
2020-07-17,258.278
2020-07-18,258.278
2020-07-19,258.278
2020-07-20,258.278
2020-07-21,258.278
2020-07-22,258.278
2020-07-23,258.278
2020-07-24,258.278
2020-07-25,258.278
2020-07-26,258.278
2020-07-27,258.278
2020-07-28,258.278
2020-07-29,258.278
2020-07-30,258.278
2020-07-31,258.278
2020-08-01,259.411
2020-08-02,259.411
2020-08-03,259.411
2020-08-04,259.411
2020-08-05,259.411
2020-08-06,259.411
2020-08-07,259.411
2020-08-08,259.411
2020-08-09,259.411
2020-08-10,259.411
2020-08-11,259.411
2020-08-12,259.411
2020-08-13,259.411
2020-08-14,259.411
2020-08-15,259.411
2020-08-16,259.411
2020-08-17,259.411
2020-08-18,259.411
2020-08-19,259.411
2020-08-20,259.411
2020-08-21,259.411
2020-08-22,259.411
2020-08-23,259.411
2020-08-24,259.411
2020-08-25,259.411
2020-08-26,259.411
2020-08-27,259.411
2020-08-28,259.411
2020-08-29,259.411
2020-08-30,259.411
2020-08-31,259.411
2020-09-01,260.029
2020-09-02,260.029
2020-09-03,260.029
2020-09-04,260.029
2020-09-05,260.029
2020-09-06,260.029
2020-09-07,260.029
2020-09-08,260.029
2020-09-09,260.029
2020-09-10,260.029
2020-09-11,260.029
2020-09-12,260.029
2020-09-13,260.029
2020-09-14,260.029
2020-09-15,260.029
2020-09-16,260.029
2020-09-17,260.029
2020-09-18,260.029
2020-09-19,260.029
2020-09-20,260.029
2020-09-21,260.029
2020-09-22,260.029
2020-09-23,260.029
2020-09-24,260.029
2020-09-25,260.029
2020-09-26,260.029
2020-09-27,260.029
2020-09-28,260.029
2020-09-29,260.029
2020-09-30,260.029
2020-10-01,260.286
2020-10-02,260.286
2020-10-03,260.286
2020-10-04,260.286
2020-10-05,260.286
2020-10-06,260.286
2020-10-07,260.286
2020-10-08,260.286
2020-10-09,260.286
2020-10-10,260.286
2020-10-11,260.286
2020-10-12,260.286
2020-10-13,260.286
2020-10-14,260.286
2020-10-15,260.286
2020-10-16,260.286
2020-10-17,260.286
2020-10-18,260.286
2020-10-19,260.286
2020-10-20,260.286
2020-10-21,260.286
2020-10-22,260.286
2020-10-23,260.286
2020-10-24,260.286
2020-10-25,260.286
2020-10-26,260.286
2020-10-27,260.286
2020-10-28,260.286
2020-10-29,260.286
2020-10-30,260.286
2020-10-31,260.286
2020-11-01,260.813
2020-11-02,260.813
2020-11-03,260.813
2020-11-04,260.813
2020-11-05,260.813
2020-11-06,260.813
2020-11-07,260.813
2020-11-08,260.813
2020-11-09,260.813
2020-11-10,260.813
2020-11-11,260.813
2020-11-12,260.813
2020-11-13,260.813
2020-11-14,260.813
2020-11-15,260.813
2020-11-16,260.813
2020-11-17,260.813
2020-11-18,260.813
2020-11-19,260.813
2020-11-20,260.813
2020-11-21,260.813
2020-11-22,260.813
2020-11-23,260.813
2020-11-24,260.813
2020-11-25,260.813
2020-11-26,260.813
2020-11-27,260.813
2020-11-28,260.813
2020-11-29,260.813
2020-11-30,260.813
2020-12-01,262.035
2020-12-02,262.035
2020-12-03,262.035
2020-12-04,262.035
2020-12-05,262.035
2020-12-06,262.035
2020-12-07,262.035
2020-12-08,262.035
2020-12-09,262.035
2020-12-10,262.035
2020-12-11,262.035
2020-12-12,262.035
2020-12-13,262.035
2020-12-14,262.035
2020-12-15,262.035
2020-12-16,262.035
2020-12-17,262.035
2020-12-18,262.035
2020-12-19,262.035
2020-12-20,262.035
2020-12-21,262.035
2020-12-22,262.035
2020-12-23,262.035
2020-12-24,262.035
2020-12-25,262.035
2020-12-26,262.035
2020-12-27,262.035
2020-12-28,262.035
2020-12-29,262.035
2020-12-30,262.035
2020-12-31,262.035
2021-01-01,262.65
2021-01-02,262.65
2021-01-03,262.65
2021-01-04,262.65
2021-01-05,262.65
2021-01-06,262.65
2021-01-07,262.65
2021-01-08,262.65
2021-01-09,262.65
2021-01-10,262.65
2021-01-11,262.65
2021-01-12,262.65
2021-01-13,262.65
2021-01-14,262.65
2021-01-15,262.65
2021-01-16,262.65
2021-01-17,262.65
2021-01-18,262.65
2021-01-19,262.65
2021-01-20,262.65
2021-01-21,262.65
2021-01-22,262.65
2021-01-23,262.65
2021-01-24,262.65
2021-01-25,262.65
2021-01-26,262.65
2021-01-27,262.65
2021-01-28,262.65
2021-01-29,262.65
2021-01-30,262.65
2021-01-31,262.65
2021-02-01,263.638
2021-02-02,263.638
2021-02-03,263.638
2021-02-04,263.638
2021-02-05,263.638
2021-02-06,263.638
2021-02-07,263.638
2021-02-08,263.638
2021-02-09,263.638
2021-02-10,263.638
2021-02-11,263.638
2021-02-12,263.638
2021-02-13,263.638
2021-02-14,263.638
2021-02-15,263.638
2021-02-16,263.638
2021-02-17,263.638
2021-02-18,263.638
2021-02-19,263.638
2021-02-20,263.638
2021-02-21,263.638
2021-02-22,263.638
2021-02-23,263.638
2021-02-24,263.638
2021-02-25,263.638
2021-02-26,263.638
2021-02-27,263.638
2021-02-28,263.638
2021-03-01,264.914
2021-03-02,264.914
2021-03-03,264.914
2021-03-04,264.914
2021-03-05,264.914
2021-03-06,264.914
2021-03-07,264.914
2021-03-08,264.914
2021-03-09,264.914
2021-03-10,264.914
2021-03-11,264.914
2021-03-12,264.914
2021-03-13,264.914
2021-03-14,264.914
2021-03-15,264.914
2021-03-16,264.914
2021-03-17,264.914
2021-03-18,264.914
2021-03-19,264.914
2021-03-20,264.914
2021-03-21,264.914
2021-03-22,264.914
2021-03-23,264.914
2021-03-24,264.914
2021-03-25,264.914
2021-03-26,264.914
2021-03-27,264.914
2021-03-28,264.914
2021-03-29,264.914
2021-03-30,264.914
2021-03-31,264.914
2021-04-01,266.67
2021-04-02,266.67
2021-04-03,266.67
2021-04-04,266.67
2021-04-05,266.67
2021-04-06,266.67
2021-04-07,266.67
2021-04-08,266.67
2021-04-09,266.67
2021-04-10,266.67
2021-04-11,266.67
2021-04-12,266.67
2021-04-13,266.67
2021-04-14,266.67
2021-04-15,266.67
2021-04-16,266.67
2021-04-17,266.67
2021-04-18,266.67
2021-04-19,266.67
2021-04-20,266.67
2021-04-21,266.67
2021-04-22,266.67
2021-04-23,266.67
2021-04-24,266.67
2021-04-25,266.67
2021-04-26,266.67
2021-04-27,266.67
2021-04-28,266.67
2021-04-29,266.67
2021-04-30,266.67
2021-05-01,268.444
2021-05-02,268.444
2021-05-03,268.444
2021-05-04,268.444
2021-05-05,268.444
2021-05-06,268.444
2021-05-07,268.444
2021-05-08,268.444
2021-05-09,268.444
2021-05-10,268.444
2021-05-11,268.444
2021-05-12,268.444
2021-05-13,268.444
2021-05-14,268.444
2021-05-15,268.444
2021-05-16,268.444
2021-05-17,268.444
2021-05-18,268.444
2021-05-19,268.444
2021-05-20,268.444
2021-05-21,268.444
2021-05-22,268.444
2021-05-23,268.444
2021-05-24,268.444
2021-05-25,268.444
2021-05-26,268.444
2021-05-27,268.444
2021-05-28,268.444
2021-05-29,268.444
2021-05-30,268.444
2021-05-31,268.444
2021-06-01,270.559
2021-06-02,270.559
2021-06-03,270.559
2021-06-04,270.559
2021-06-05,270.559
2021-06-06,270.559
2021-06-07,270.559
2021-06-08,270.559
2021-06-09,270.559
2021-06-10,270.559
2021-06-11,270.559
2021-06-12,270.559
2021-06-13,270.559
2021-06-14,270.559
2021-06-15,270.559
2021-06-16,270.559
2021-06-17,270.559
2021-06-18,270.559
2021-06-19,270.559
2021-06-20,270.559
2021-06-21,270.559
2021-06-22,270.559
2021-06-23,270.559
2021-06-24,270.559
2021-06-25,270.559
2021-06-26,270.559
2021-06-27,270.559
2021-06-28,270.559
2021-06-29,270.559
2021-06-30,270.559
2021-07-01,271.764
2021-07-02,271.764
2021-07-03,271.764
2021-07-04,271.764
2021-07-05,271.764
2021-07-06,271.764
2021-07-07,271.764
2021-07-08,271.764
2021-07-09,271.764
2021-07-10,271.764
2021-07-11,271.764
2021-07-12,271.764
2021-07-13,271.764
2021-07-14,271.764
2021-07-15,271.764
2021-07-16,271.764
2021-07-17,271.764
2021-07-18,271.764
2021-07-19,271.764
2021-07-20,271.764
2021-07-21,271.764
2021-07-22,271.764
2021-07-23,271.764
2021-07-24,271.764
2021-07-25,271.764
2021-07-26,271.764
2021-07-27,271.764
2021-07-28,271.764
2021-07-29,271.764
2021-07-30,271.764
2021-07-31,271.764
2021-08-01,272.87
2021-08-02,272.87
2021-08-03,272.87
2021-08-04,272.87
2021-08-05,272.87
2021-08-06,272.87
2021-08-07,272.87
2021-08-08,272.87
2021-08-09,272.87
2021-08-10,272.87
2021-08-11,272.87
2021-08-12,272.87
2021-08-13,272.87
2021-08-14,272.87
2021-08-15,272.87
2021-08-16,272.87
2021-08-17,272.87
2021-08-18,272.87
2021-08-19,272.87
2021-08-20,272.87
2021-08-21,272.87
2021-08-22,272.87
2021-08-23,272.87
2021-08-24,272.87
2021-08-25,272.87
2021-08-26,272.87
2021-08-27,272.87
2021-08-28,272.87
2021-08-29,272.87
2021-08-30,272.87
2021-08-31,272.87
2021-09-01,274.028
2021-09-02,274.028
2021-09-03,274.028
2021-09-04,274.028
2021-09-05,274.028
2021-09-06,274.028
2021-09-07,274.028
2021-09-08,274.028
2021-09-09,274.028
2021-09-10,274.028
2021-09-11,274.028
2021-09-12,274.028
2021-09-13,274.028
2021-09-14,274.028
2021-09-15,274.028
2021-09-16,274.028
2021-09-17,274.028
2021-09-18,274.028
2021-09-19,274.028
2021-09-20,274.028
2021-09-21,274.028
2021-09-22,274.028
2021-09-23,274.028
2021-09-24,274.028
2021-09-25,274.028
2021-09-26,274.028
2021-09-27,274.028
2021-09-28,274.028
2021-09-29,274.028
2021-09-30,274.028
2021-10-01,276.522
2021-10-02,276.522
2021-10-03,276.522
2021-10-04,276.522
2021-10-05,276.522
2021-10-06,276.522
2021-10-07,276.522
2021-10-08,276.522
2021-10-09,276.522
2021-10-10,276.522
2021-10-11,276.522
2021-10-12,276.522
2021-10-13,276.522
2021-10-14,276.522
2021-10-15,276.522
2021-10-16,276.522
2021-10-17,276.522
2021-10-18,276.522
2021-10-19,276.522
2021-10-20,276.522
2021-10-21,276.522
2021-10-22,276.522
2021-10-23,276.522
2021-10-24,276.522
2021-10-25,276.522
2021-10-26,276.522
2021-10-27,276.522
2021-10-28,276.522
2021-10-29,276.522
2021-10-30,276.522
2021-10-31,276.522
2021-11-01,278.711
2021-11-02,278.711
2021-11-03,278.711
2021-11-04,278.711
2021-11-05,278.711
2021-11-06,278.711
2021-11-07,278.711
2021-11-08,278.711
2021-11-09,278.711
2021-11-10,278.711
2021-11-11,278.711
2021-11-12,278.711
2021-11-13,278.711
2021-11-14,278.711
2021-11-15,278.711
2021-11-16,278.711
2021-11-17,278.711
2021-11-18,278.711
2021-11-19,278.711
2021-11-20,278.711
2021-11-21,278.711
2021-11-22,278.711
2021-11-23,278.711
2021-11-24,278.711
2021-11-25,278.711
2021-11-26,278.711
2021-11-27,278.711
2021-11-28,278.711
2021-11-29,278.711
2021-11-30,278.711
2021-12-01,280.887
2021-12-02,280.887
2021-12-03,280.887
2021-12-04,280.887
2021-12-05,280.887
2021-12-06,280.887
2021-12-07,280.887
2021-12-08,280.887
2021-12-09,280.887
2021-12-10,280.887
2021-12-11,280.887
2021-12-12,280.887
2021-12-13,280.887
2021-12-14,280.887
2021-12-15,280.887
2021-12-16,280.887
2021-12-17,280.887
2021-12-18,280.887
2021-12-19,280.887
2021-12-20,280.887
2021-12-21,280.887
2021-12-22,280.887
2021-12-23,280.887
2021-12-24,280.887
2021-12-25,280.887
2021-12-26,280.887
2021-12-27,280.887
2021-12-28,280.887
2021-12-29,280.887
2021-12-30,280.887
2021-12-31,280.887
2022-01-01,282.599
2022-01-02,282.599
2022-01-03,282.599
2022-01-04,282.599
2022-01-05,282.599
2022-01-06,282.599
2022-01-07,282.599
2022-01-08,282.599
2022-01-09,282.599
2022-01-10,282.599
2022-01-11,282.599
2022-01-12,282.599
2022-01-13,282.599
2022-01-14,282.599
2022-01-15,282.599
2022-01-16,282.599
2022-01-17,282.599
2022-01-18,282.599
2022-01-19,282.599
2022-01-20,282.599
2022-01-21,282.599
2022-01-22,282.599
2022-01-23,282.599
2022-01-24,282.599
2022-01-25,282.599
2022-01-26,282.599
2022-01-27,282.599
2022-01-28,282.599
2022-01-29,282.599
2022-01-30,282.599
2022-01-31,282.599
2022-02-01,284.61
2022-02-02,284.61
2022-02-03,284.61
2022-02-04,284.61
2022-02-05,284.61
2022-02-06,284.61
2022-02-07,284.61
2022-02-08,284.61
2022-02-09,284.61
2022-02-10,284.61
2022-02-11,284.61
2022-02-12,284.61
2022-02-13,284.61
2022-02-14,284.61
2022-02-15,284.61
2022-02-16,284.61
2022-02-17,284.61
2022-02-18,284.61
2022-02-19,284.61
2022-02-20,284.61
2022-02-21,284.61
2022-02-22,284.61
2022-02-23,284.61
2022-02-24,284.61
2022-02-25,284.61
2022-02-26,284.61
2022-02-27,284.61
2022-02-28,284.61
2022-03-01,287.472
2022-03-02,287.472
2022-03-03,287.472
2022-03-04,287.472
2022-03-05,287.472
2022-03-06,287.472
2022-03-07,287.472
2022-03-08,287.472
2022-03-09,287.472
2022-03-10,287.472
2022-03-11,287.472
2022-03-12,287.472
2022-03-13,287.472
2022-03-14,287.472
2022-03-15,287.472
2022-03-16,287.472
2022-03-17,287.472
2022-03-18,287.472
2022-03-19,287.472
2022-03-20,287.472
2022-03-21,287.472
2022-03-22,287.472
2022-03-23,287.472
2022-03-24,287.472
2022-03-25,287.472
2022-03-26,287.472
2022-03-27,287.472
2022-03-28,287.472
2022-03-29,287.472
2022-03-30,287.472
2022-03-31,287.472
2022-04-01,288.611
2022-04-02,288.611
2022-04-03,288.611
2022-04-04,288.611
2022-04-05,288.611
2022-04-06,288.611
2022-04-07,288.611
2022-04-08,288.611
2022-04-09,288.611
2022-04-10,288.611
2022-04-11,288.611
2022-04-12,288.611
2022-04-13,288.611
2022-04-14,288.611
2022-04-15,288.611
2022-04-16,288.611
2022-04-17,288.611
2022-04-18,288.611
2022-04-19,288.611
2022-04-20,288.611
2022-04-21,288.611
2022-04-22,288.611
2022-04-23,288.611
2022-04-24,288.611
2022-04-25,288.611
2022-04-26,288.611
2022-04-27,288.611
2022-04-28,288.611
2022-04-29,288.611
2022-04-30,288.611
2022-05-01,291.268
2022-05-02,291.268
2022-05-03,291.268
2022-05-04,291.268
2022-05-05,291.268
2022-05-06,291.268
2022-05-07,291.268
2022-05-08,291.268
2022-05-09,291.268
2022-05-10,291.268
2022-05-11,291.268
2022-05-12,291.268
2022-05-13,291.268
2022-05-14,291.268
2022-05-15,291.268
2022-05-16,291.268
2022-05-17,291.268
2022-05-18,291.268
2022-05-19,291.268
2022-05-20,291.268
2022-05-21,291.268
2022-05-22,291.268
2022-05-23,291.268
2022-05-24,291.268
2022-05-25,291.268
2022-05-26,291.268
2022-05-27,291.268
2022-05-28,291.268
2022-05-29,291.268
2022-05-30,291.268
2022-05-31,291.268
2022-06-01,294.728
2022-06-02,294.728
2022-06-03,294.728
2022-06-04,294.728
2022-06-05,294.728
2022-06-06,294.728
2022-06-07,294.728
2022-06-08,294.728
2022-06-09,294.728
2022-06-10,294.728
2022-06-11,294.728
2022-06-12,294.728
2022-06-13,294.728
2022-06-14,294.728
2022-06-15,294.728
2022-06-16,294.728
2022-06-17,294.728
2022-06-18,294.728
2022-06-19,294.728
2022-06-20,294.728
2022-06-21,294.728
2022-06-22,294.728
2022-06-23,294.728
2022-06-24,294.728
2022-06-25,294.728
2022-06-26,294.728
2022-06-27,294.728
2022-06-28,294.728
2022-06-29,294.728
2022-06-30,294.728
2022-07-01,294.628
2022-07-02,294.628
2022-07-03,294.628
2022-07-04,294.628
2022-07-05,294.628
2022-07-06,294.628
2022-07-07,294.628
2022-07-08,294.628
2022-07-09,294.628
2022-07-10,294.628
2022-07-11,294.628
2022-07-12,294.628
2022-07-13,294.628
2022-07-14,294.628
2022-07-15,294.628
2022-07-16,294.628
2022-07-17,294.628
2022-07-18,294.628
2022-07-19,294.628
2022-07-20,294.628
2022-07-21,294.628
2022-07-22,294.628
2022-07-23,294.628
2022-07-24,294.628
2022-07-25,294.628
2022-07-26,294.628
2022-07-27,294.628
2022-07-28,294.628
2022-07-29,294.628
2022-07-30,294.628
2022-07-31,294.628
2022-08-01,295.32
2022-08-02,295.32
2022-08-03,295.32
2022-08-04,295.32
2022-08-05,295.32
2022-08-06,295.32
2022-08-07,295.32
2022-08-08,295.32
2022-08-09,295.32
2022-08-10,295.32
2022-08-11,295.32
2022-08-12,295.32
2022-08-13,295.32
2022-08-14,295.32
2022-08-15,295.32
2022-08-16,295.32
2022-08-17,295.32
2022-08-18,295.32
2022-08-19,295.32
2022-08-20,295.32
2022-08-21,295.32
2022-08-22,295.32
2022-08-23,295.32
2022-08-24,295.32
2022-08-25,295.32
2022-08-26,295.32
2022-08-27,295.32
2022-08-28,295.32
2022-08-29,295.32
2022-08-30,295.32
2022-08-31,295.32
2022-09-01,296.539
2022-09-02,296.539
2022-09-03,296.539
2022-09-04,296.539
2022-09-05,296.539
2022-09-06,296.539
2022-09-07,296.539
2022-09-08,296.539
2022-09-09,296.539
2022-09-10,296.539
2022-09-11,296.539
2022-09-12,296.539
2022-09-13,296.539
2022-09-14,296.539
2022-09-15,296.539
2022-09-16,296.539
2022-09-17,296.539
2022-09-18,296.539
2022-09-19,296.539
2022-09-20,296.539
2022-09-21,296.539
2022-09-22,296.539
2022-09-23,296.539
2022-09-24,296.539
2022-09-25,296.539
2022-09-26,296.539
2022-09-27,296.539
2022-09-28,296.539
2022-09-29,296.539
2022-09-30,296.539
2022-10-01,297.987
2022-10-02,297.987
2022-10-03,297.987
2022-10-04,297.987
2022-10-05,297.987
2022-10-06,297.987
2022-10-07,297.987
2022-10-08,297.987
2022-10-09,297.987
2022-10-10,297.987
2022-10-11,297.987
2022-10-12,297.987
2022-10-13,297.987
2022-10-14,297.987
2022-10-15,297.987
2022-10-16,297.987
2022-10-17,297.987
2022-10-18,297.987
2022-10-19,297.987
2022-10-20,297.987
2022-10-21,297.987
2022-10-22,297.987
2022-10-23,297.987
2022-10-24,297.987
2022-10-25,297.987
2022-10-26,297.987
2022-10-27,297.987
2022-10-28,297.987
2022-10-29,297.987
2022-10-30,297.987
2022-10-31,297.987
2022-11-01,298.598
2022-11-02,298.598
2022-11-03,298.598
2022-11-04,298.598
2022-11-05,298.598
2022-11-06,298.598
2022-11-07,298.598
2022-11-08,298.598
2022-11-09,298.598
2022-11-10,298.598
2022-11-11,298.598
2022-11-12,298.598
2022-11-13,298.598
2022-11-14,298.598
2022-11-15,298.598
2022-11-16,298.598
2022-11-17,298.598
2022-11-18,298.598
2022-11-19,298.598
2022-11-20,298.598
2022-11-21,298.598
2022-11-22,298.598
2022-11-23,298.598
2022-11-24,298.598
2022-11-25,298.598
2022-11-26,298.598
2022-11-27,298.598
2022-11-28,298.598
2022-11-29,298.598
2022-11-30,298.598
2022-12-01,298.99
2022-12-02,298.99
2022-12-03,298.99
2022-12-04,298.99
2022-12-05,298.99
2022-12-06,298.99
2022-12-07,298.99
2022-12-08,298.99
2022-12-09,298.99
2022-12-10,298.99
2022-12-11,298.99
2022-12-12,298.99
2022-12-13,298.99
2022-12-14,298.99
2022-12-15,298.99
2022-12-16,298.99
2022-12-17,298.99
2022-12-18,298.99
2022-12-19,298.99
2022-12-20,298.99
2022-12-21,298.99
2022-12-22,298.99
2022-12-23,298.99
2022-12-24,298.99
2022-12-25,298.99
2022-12-26,298.99
2022-12-27,298.99
2022-12-28,298.99
2022-12-29,298.99
2022-12-30,298.99
2022-12-31,298.99
2023-01-01,300.536
2023-01-02,300.536
2023-01-03,300.536
2023-01-04,300.536
2023-01-05,300.536
2023-01-06,300.536
2023-01-07,300.536
2023-01-08,300.536
2023-01-09,300.536
2023-01-10,300.536
2023-01-11,300.536
2023-01-12,300.536
2023-01-13,300.536
2023-01-14,300.536
2023-01-15,300.536
2023-01-16,300.536
2023-01-17,300.536
2023-01-18,300.536
2023-01-19,300.536
2023-01-20,300.536
2023-01-21,300.536
2023-01-22,300.536
2023-01-23,300.536
2023-01-24,300.536
2023-01-25,300.536
2023-01-26,300.536
2023-01-27,300.536
2023-01-28,300.536
2023-01-29,300.536
2023-01-30,300.536
2023-01-31,300.536
2023-02-01,301.648
2023-02-02,301.648
2023-02-03,301.648
2023-02-04,301.648
2023-02-05,301.648
2023-02-06,301.648
2023-02-07,301.648
2023-02-08,301.648
2023-02-09,301.648
2023-02-10,301.648
2023-02-11,301.648
2023-02-12,301.648
2023-02-13,301.648
2023-02-14,301.648
2023-02-15,301.648
2023-02-16,301.648
2023-02-17,301.648
2023-02-18,301.648
2023-02-19,301.648
2023-02-20,301.648
2023-02-21,301.648
2023-02-22,301.648
2023-02-23,301.648
2023-02-24,301.648
2023-02-25,301.648
2023-02-26,301.648
2023-02-27,301.648
2023-02-28,301.648
2023-03-01,301.808
2023-03-02,301.808
2023-03-03,301.808
2023-03-04,301.808
2023-03-05,301.808
2023-03-06,301.808
2023-03-07,301.808
2023-03-08,301.808
2023-03-09,301.808
2023-03-10,301.808
2023-03-11,301.808
2023-03-12,301.808
2023-03-13,301.808
2023-03-14,301.808
2023-03-15,301.808
2023-03-16,301.808
2023-03-17,301.808
2023-03-18,301.808
2023-03-19,301.808
2023-03-20,301.808
2023-03-21,301.808
2023-03-22,301.808
2023-03-23,301.808
2023-03-24,301.808
2023-03-25,301.808
2023-03-26,301.808
2023-03-27,301.808
2023-03-28,301.808
2023-03-29,301.808
2023-03-30,301.808
2023-03-31,301.808
2023-04-01,302.918
2023-04-02,302.918
2023-04-03,302.918
2023-04-04,302.918
2023-04-05,302.918
2023-04-06,302.918
2023-04-07,302.918
2023-04-08,302.918
2023-04-09,302.918
2023-04-10,302.918
2023-04-11,302.918
2023-04-12,302.918
2023-04-13,302.918
2023-04-14,302.918
2023-04-15,302.918
2023-04-16,302.918
2023-04-17,302.918
2023-04-18,302.918
2023-04-19,302.918
2023-04-20,302.918
2023-04-21,302.918
2023-04-22,302.918
2023-04-23,302.918
2023-04-24,302.918
2023-04-25,302.918
2023-04-26,302.918
2023-04-27,302.918
2023-04-28,302.918
2023-04-29,302.918
2023-04-30,302.918
2023-05-01,303.294
2023-05-02,303.294
2023-05-03,303.294
2023-05-04,303.294
2023-05-05,303.294
2023-05-06,303.294
2023-05-07,303.294
2023-05-08,303.294
2023-05-09,303.294
2023-05-10,303.294
2023-05-11,303.294
2023-05-12,303.294
2023-05-13,303.294
2023-05-14,303.294
2023-05-15,303.294
2023-05-16,303.294
2023-05-17,303.294
2023-05-18,303.294
2023-05-19,303.294
2023-05-20,303.294
2023-05-21,303.294
2023-05-22,303.294
2023-05-23,303.294
2023-05-24,303.294
2023-05-25,303.294
2023-05-26,303.294
2023-05-27,303.294
2023-05-28,303.294
2023-05-29,303.294
2023-05-30,303.294
2023-05-31,303.294
2023-06-01,303.841
2023-06-02,303.841
2023-06-03,303.841
2023-06-04,303.841
2023-06-05,303.841
2023-06-06,303.841
2023-06-07,303.841
2023-06-08,303.841
2023-06-09,303.841
2023-06-10,303.841
2023-06-11,303.841
2023-06-12,303.841
2023-06-13,303.841
2023-06-14,303.841
2023-06-15,303.841
2023-06-16,303.841
2023-06-17,303.841
2023-06-18,303.841
2023-06-19,303.841
2023-06-20,303.841
2023-06-21,303.841
2023-06-22,303.841
2023-06-23,303.841
2023-06-24,303.841
2023-06-25,303.841
2023-06-26,303.841
2023-06-27,303.841
2023-06-28,303.841
2023-06-29,303.841
2023-06-30,303.841
2023-07-01,304.348
2023-07-02,304.348
2023-07-03,304.348
2023-07-04,304.348
2023-07-05,304.348
2023-07-06,304.348
2023-07-07,304.348
2023-07-08,304.348
2023-07-09,304.348
2023-07-10,304.348
2023-07-11,304.348
2023-07-12,304.348
2023-07-13,304.348
2023-07-14,304.348
2023-07-15,304.348
2023-07-16,304.348
2023-07-17,304.348
2023-07-18,304.348
2023-07-19,304.348
2023-07-20,304.348
2023-07-21,304.348
2023-07-22,304.348
2023-07-23,304.348
2023-07-24,304.348
2023-07-25,304.348
2023-07-26,304.348
2023-07-27,304.348
2023-07-28,304.348
2023-07-29,304.348
2023-07-30,304.348
2023-07-31,304.348
2023-08-01,306.269
2023-08-02,306.269
2023-08-03,306.269
2023-08-04,306.269
2023-08-05,306.269
2023-08-06,306.269
2023-08-07,306.269
2023-08-08,306.269
2023-08-09,306.269
2023-08-10,306.269
2023-08-11,306.269
2023-08-12,306.269
2023-08-13,306.269
2023-08-14,306.269
2023-08-15,306.269
2023-08-16,306.269
2023-08-17,306.269
2023-08-18,306.269
2023-08-19,306.269
2023-08-20,306.269
2023-08-21,306.269
2023-08-22,306.269
2023-08-23,306.269
2023-08-24,306.269
2023-08-25,306.269
2023-08-26,306.269
2023-08-27,306.269
2023-08-28,306.269
2023-08-29,306.269
2023-08-30,306.269
2023-08-31,306.269
2023-09-01,307.481
2023-09-02,307.481
2023-09-03,307.481
2023-09-04,307.481
2023-09-05,307.481
2023-09-06,307.481
2023-09-07,307.481
2023-09-08,307.481
2023-09-09,307.481
2023-09-10,307.481
2023-09-11,307.481
2023-09-12,307.481
2023-09-13,307.481
2023-09-14,307.481
2023-09-15,307.481
2023-09-16,307.481
2023-09-17,307.481
2023-09-18,307.481
2023-09-19,307.481
2023-09-20,307.481
2023-09-21,307.481
2023-09-22,307.481
2023-09-23,307.481
2023-09-24,307.481
2023-09-25,307.481
2023-09-26,307.481
2023-09-27,307.481
2023-09-28,307.481
2023-09-29,307.481
2023-09-30,307.481
