Date,DJIA
2013-11-11,15783.1
2013-11-12,15750.67
2013-11-13,15821.63
2013-11-14,15876.22
2013-11-15,15961.7
2013-11-16,15966.473333333333
2013-11-17,15971.246666666668
2013-11-18,15976.02
2013-11-19,15967.03
2013-11-20,15900.82
2013-11-21,16009.99
2013-11-22,16064.77
2013-11-23,16067.36
2013-11-24,16069.95
2013-11-25,16072.54
2013-11-26,16072.8
2013-11-27,16097.33
2013-11-28,16091.87
2013-11-29,16086.41
2013-11-30,16060.53
2013-12-01,16034.65
2013-12-02,16008.77
2013-12-03,15914.62
2013-12-04,15889.77
2013-12-05,15821.51
2013-12-06,16020.2
2013-12-07,16021.976666666667
2013-12-08,16023.753333333334
2013-12-09,16025.53
2013-12-10,15973.13
2013-12-11,15843.53
2013-12-12,15739.43
2013-12-13,15755.36
2013-12-14,15798.43
2013-12-15,15841.5
2013-12-16,15884.57
2013-12-17,15875.26
2013-12-18,16167.97
2013-12-19,16179.08
2013-12-20,16221.14
2013-12-21,16245.63
2013-12-22,16270.12
2013-12-23,16294.61
2013-12-24,16357.55
2013-12-25,16418.72
2013-12-26,16479.88
2013-12-27,16478.41
2013-12-28,16487.036666666667
2013-12-29,16495.663333333334
2013-12-30,16504.29
2013-12-31,16576.66
2014-01-01,16509.0
2014-01-02,16441.35
2014-01-03,16469.99
2014-01-04,16455.02666666667
2014-01-05,16440.06333333333
2014-01-06,16425.1
2014-01-07,16530.94
2014-01-08,16462.74
2014-01-09,16444.76
2014-01-10,16437.05
2014-01-11,16377.346666666666
2014-01-12,16317.643333333333
2014-01-13,16257.94
2014-01-14,16373.86
2014-01-15,16481.94
2014-01-16,16417.01
2014-01-17,16458.56
2014-01-18,16451.20666666667
2014-01-19,16443.853333333333
2014-01-20,16436.5
2014-01-21,16414.44
2014-01-22,16373.34
2014-01-23,16197.35
2014-01-24,15879.11
2014-01-25,15865.366666666667
2014-01-26,15851.623333333333
2014-01-27,15837.88
2014-01-28,15928.56
2014-01-29,15738.79
2014-01-30,15848.61
2014-01-31,15698.85
2014-02-01,15590.166666666666
2014-02-02,15481.483333333334
2014-02-03,15372.8
2014-02-04,15445.24
2014-02-05,15440.23
2014-02-06,15628.53
2014-02-07,15794.08
2014-02-08,15796.65
2014-02-09,15799.220000000001
2014-02-10,15801.79
2014-02-11,15994.77
2014-02-12,15963.94
2014-02-13,16027.59
2014-02-14,16154.39
2014-02-15,16150.393333333333
2014-02-16,16146.396666666666
2014-02-17,16142.4
2014-02-18,16130.4
2014-02-19,16040.56
2014-02-20,16133.23
2014-02-21,16103.3
2014-02-22,16137.913333333332
2014-02-23,16172.526666666667
2014-02-24,16207.14
2014-02-25,16179.66
2014-02-26,16198.41
2014-02-27,16272.65
2014-02-28,16321.71
2014-03-01,16270.483333333334
2014-03-02,16219.256666666666
2014-03-03,16168.03
2014-03-04,16395.88
2014-03-05,16360.18
2014-03-06,16421.89
2014-03-07,16452.72
2014-03-08,16441.373333333333
2014-03-09,16430.02666666667
2014-03-10,16418.68
2014-03-11,16351.25
2014-03-12,16340.08
2014-03-13,16108.89
2014-03-14,16065.67
2014-03-15,16126.186666666666
2014-03-16,16186.703333333333
2014-03-17,16247.22
2014-03-18,16336.19
2014-03-19,16222.17
2014-03-20,16331.05
2014-03-21,16302.77
2014-03-22,16294.076666666668
2014-03-23,16285.383333333333
2014-03-24,16276.69
2014-03-25,16367.88
2014-03-26,16268.99
2014-03-27,16264.23
2014-03-28,16323.06
2014-03-29,16367.926666666666
2014-03-30,16412.793333333335
2014-03-31,16457.66
2014-04-01,16532.61
2014-04-02,16573.0
2014-04-03,16572.55
2014-04-04,16412.71
2014-04-05,16357.096666666666
2014-04-06,16301.483333333334
2014-04-07,16245.87
2014-04-08,16256.14
2014-04-09,16437.18
2014-04-10,16170.22
2014-04-11,16026.75
2014-04-12,16075.58
2014-04-13,16124.41
2014-04-14,16173.24
2014-04-15,16262.56
2014-04-16,16424.85
2014-04-17,16408.54
2014-04-18,16428.9
2014-04-19,16435.683333333334
2014-04-20,16442.466666666667
2014-04-21,16449.25
2014-04-22,16514.37
2014-04-23,16501.65
2014-04-24,16501.65
2014-04-25,16361.46
2014-04-26,16390.553333333333
2014-04-27,16419.646666666667
2014-04-28,16448.74
2014-04-29,16535.37
2014-04-30,16580.84
2014-05-01,16558.87
2014-05-02,16512.89
2014-05-03,16518.776666666665
2014-05-04,16524.663333333334
2014-05-05,16530.55
2014-05-06,16401.02
2014-05-07,16518.54
2014-05-08,16550.97
2014-05-09,16583.34
2014-05-10,16620.716666666667
2014-05-11,16658.093333333334
2014-05-12,16695.47
2014-05-13,16715.44
2014-05-14,16613.97
2014-05-15,16446.81
2014-05-16,16491.31
2014-05-17,16498.16
2014-05-18,16505.010000000002
2014-05-19,16511.86
2014-05-20,16374.31
2014-05-21,16533.06
2014-05-22,16543.08
2014-05-23,16606.27
2014-05-24,16617.81
2014-05-25,16629.35
2014-05-26,16640.89
2014-05-27,16675.5
2014-05-28,16633.18
2014-05-29,16698.74
2014-05-30,16717.17
2014-05-31,16725.989999999998
2014-06-01,16734.81
2014-06-02,16743.63
2014-06-03,16722.34
2014-06-04,16737.53
2014-06-05,16836.11
2014-06-06,16924.28
2014-06-07,16930.553333333333
2014-06-08,16936.826666666664
2014-06-09,16943.1
2014-06-10,16945.92
2014-06-11,16843.88
2014-06-12,16734.19
2014-06-13,16775.74
2014-06-14,16777.496666666666
2014-06-15,16779.253333333334
2014-06-16,16781.01
2014-06-17,16808.49
2014-06-18,16906.62
2014-06-19,16921.46
2014-06-20,16947.08
2014-06-21,16943.806666666667
2014-06-22,16940.533333333333
2014-06-23,16937.26
2014-06-24,16818.13
2014-06-25,16867.51
2014-06-26,16846.13
2014-06-27,16851.84
2014-06-28,16843.426666666666
2014-06-29,16835.013333333332
2014-06-30,16826.6
2014-07-01,16956.07
2014-07-02,16976.24
2014-07-03,17068.26
2014-07-04,17046.24
2014-07-05,17038.896666666667
2014-07-06,17031.553333333333
2014-07-07,17024.21
2014-07-08,16906.62
2014-07-09,16985.61
2014-07-10,16915.07
2014-07-11,16943.81
2014-07-12,16981.013333333332
2014-07-13,17018.216666666667
2014-07-14,17055.42
2014-07-15,17060.68
2014-07-16,17138.2
2014-07-17,16976.81
2014-07-18,17100.18
2014-07-19,17084.03
2014-07-20,17067.88
2014-07-21,17051.73
2014-07-22,17113.54
2014-07-23,17086.63
2014-07-24,17083.8
2014-07-25,16960.57
2014-07-26,16967.91
2014-07-27,16975.25
2014-07-28,16982.59
2014-07-29,16912.11
2014-07-30,16880.36
2014-07-31,16563.3
2014-08-01,16493.37
2014-08-02,16518.673333333332
2014-08-03,16543.976666666666
2014-08-04,16569.28
2014-08-05,16429.47
2014-08-06,16443.34
2014-08-07,16368.27
2014-08-08,16553.93
2014-08-09,16559.28
2014-08-10,16564.63
2014-08-11,16569.98
2014-08-12,16560.54
2014-08-13,16651.8
2014-08-14,16713.58
2014-08-15,16662.91
2014-08-16,16721.52
2014-08-17,16780.13
2014-08-18,16838.74
2014-08-19,16919.59
2014-08-20,16979.13
2014-08-21,17039.49
2014-08-22,17001.22
2014-08-23,17026.43666666667
2014-08-24,17051.653333333332
2014-08-25,17076.87
2014-08-26,17106.7
2014-08-27,17122.01
2014-08-28,17079.57
2014-08-29,17098.45
2014-08-30,17093.303333333333
2014-08-31,17088.156666666666
2014-09-01,17083.01
2014-09-02,17067.56
2014-09-03,17078.28
2014-09-04,17069.58
2014-09-05,17137.36
2014-09-06,17128.713333333333
2014-09-07,17120.066666666666
2014-09-08,17111.42
2014-09-09,17013.87
2014-09-10,17068.71
2014-09-11,17049.0
2014-09-12,16987.51
2014-09-13,17002.053333333333
2014-09-14,17016.596666666665
2014-09-15,17031.14
2014-09-16,17131.97
2014-09-17,17156.85
2014-09-18,17265.99
2014-09-19,17279.74
2014-09-20,17244.053333333333
2014-09-21,17208.36666666667
2014-09-22,17172.68
2014-09-23,17055.87
2014-09-24,17210.06
2014-09-25,16945.8
2014-09-26,17113.15
2014-09-27,17099.173333333336
2014-09-28,17085.196666666667
2014-09-29,17071.22
2014-09-30,17042.9
2014-10-01,16804.71
2014-10-02,16801.05
2014-10-03,17009.69
2014-10-04,17003.763333333332
2014-10-05,16997.836666666666
2014-10-06,16991.91
2014-10-07,16719.39
2014-10-08,16994.22
2014-10-09,16659.25
2014-10-10,16544.1
2014-10-11,16469.756666666664
2014-10-12,16395.413333333334
2014-10-13,16321.07
2014-10-14,16315.19
2014-10-15,16141.74
2014-10-16,16117.24
2014-10-17,16380.41
2014-10-18,16386.829999999998
2014-10-19,16393.25
2014-10-20,16399.67
2014-10-21,16614.81
2014-10-22,16461.32
2014-10-23,16677.9
2014-10-24,16805.41
2014-10-25,16809.586666666666
2014-10-26,16813.763333333332
2014-10-27,16817.94
2014-10-28,17005.75
2014-10-29,16974.31
2014-10-30,17195.42
2014-10-31,17390.52
2014-11-01,17382.426666666666
2014-11-02,17374.333333333336
2014-11-03,17366.24
2014-11-04,17383.84
2014-11-05,17484.53
2014-11-06,17554.47
2014-11-07,17573.93
2014-11-08,17587.2
2014-11-09,17600.47
2014-11-10,17613.74
2014-11-11,17614.9
2014-11-12,17612.2
2014-11-13,17652.79
2014-11-14,17634.74
2014-11-15,17639.076666666668
2014-11-16,17643.413333333334
2014-11-17,17647.75
2014-11-18,17687.82
2014-11-19,17685.73
2014-11-20,17719.0
2014-11-21,17810.06
2014-11-22,17812.673333333336
2014-11-23,17815.286666666667
2014-11-24,17817.9
2014-11-25,17814.94
2014-11-26,17827.75
2014-11-27,17828.0
2014-11-28,17828.24
2014-11-29,17811.093333333334
2014-11-30,17793.946666666667
2014-12-01,17776.8
2014-12-02,17879.55
2014-12-03,17912.62
2014-12-04,17900.1
2014-12-05,17958.79
2014-12-06,17923.353333333333
2014-12-07,17887.916666666668
2014-12-08,17852.48
2014-12-09,17801.2
2014-12-10,17533.15
2014-12-11,17596.34
2014-12-12,17280.83
2014-12-13,17247.5
2014-12-14,17214.170000000002
2014-12-15,17180.84
2014-12-16,17068.87
2014-12-17,17356.87
2014-12-18,17778.15
2014-12-19,17804.8
2014-12-20,17856.346666666665
2014-12-21,17907.893333333333
2014-12-22,17959.44
2014-12-23,18024.17
2014-12-24,18030.21
2014-12-25,18041.96
2014-12-26,18053.71
2014-12-27,18048.55
2014-12-28,18043.39
2014-12-29,18038.23
2014-12-30,17983.07
2014-12-31,17823.07
2015-01-01,17828.03
2015-01-02,17832.99
2015-01-03,17722.543333333335
2015-01-04,17612.096666666668
2015-01-05,17501.65
2015-01-06,17371.64
2015-01-07,17584.52
2015-01-08,17907.87
2015-01-09,17737.37
2015-01-10,17705.193333333333
2015-01-11,17673.016666666666
2015-01-12,17640.84
2015-01-13,17613.68
2015-01-14,17427.09
2015-01-15,17320.71
2015-01-16,17511.57
2015-01-17,17512.18
2015-01-18,17512.79
2015-01-19,17513.4
2015-01-20,17515.23
2015-01-21,17554.28
2015-01-22,17813.98
2015-01-23,17672.6
2015-01-24,17674.63333333333
2015-01-25,17676.666666666668
2015-01-26,17678.7
2015-01-27,17387.21
2015-01-28,17191.37
2015-01-29,17416.85
2015-01-30,17164.95
2015-01-31,17230.313333333335
2015-02-01,17295.676666666666
2015-02-02,17361.04
2015-02-03,17666.4
2015-02-04,17673.02
2015-02-05,17884.88
2015-02-06,17824.29
2015-02-07,17792.596666666668
2015-02-08,17760.903333333332
2015-02-09,17729.21
2015-02-10,17868.76
2015-02-11,17862.14
2015-02-12,17972.38
2015-02-13,18019.35
2015-02-14,18024.056666666667
2015-02-15,18028.763333333332
2015-02-16,18033.47
2015-02-17,18047.58
2015-02-18,18029.85
2015-02-19,17985.77
2015-02-20,18140.44
2015-02-21,18132.573333333334
2015-02-22,18124.706666666665
2015-02-23,18116.84
2015-02-24,18209.19
2015-02-25,18224.57
2015-02-26,18214.42
2015-02-27,18132.7
2015-02-28,18184.676666666666
2015-03-01,18236.653333333335
2015-03-02,18288.63
2015-03-03,18203.37
2015-03-04,18096.9
2015-03-05,18135.72
2015-03-06,17856.78
2015-03-07,17903.093333333334
2015-03-08,17949.406666666666
2015-03-09,17995.72
2015-03-10,17662.94
2015-03-11,17635.39
2015-03-12,17895.22
2015-03-13,17749.31
2015-03-14,17825.346666666668
2015-03-15,17901.38333333333
2015-03-16,17977.42
2015-03-17,17849.08
2015-03-18,18076.19
2015-03-19,17959.03
2015-03-20,18127.65
2015-03-21,18123.780000000002
2015-03-22,18119.91
2015-03-23,18116.04
2015-03-24,18011.14
2015-03-25,17718.54
2015-03-26,17678.23
2015-03-27,17712.66
2015-03-28,17800.543333333335
2015-03-29,17888.426666666666
2015-03-30,17976.31
2015-03-31,17776.12
2015-04-01,17698.18
2015-04-02,17763.24
2015-04-03,17822.04
2015-04-04,17841.643333333333
2015-04-05,17861.246666666666
2015-04-06,17880.85
2015-04-07,17875.42
2015-04-08,17902.51
2015-04-09,17958.73
2015-04-10,18057.65
2015-04-11,18030.780000000002
2015-04-12,18003.91
2015-04-13,17977.04
2015-04-14,18036.7
2015-04-15,18112.61
2015-04-16,18105.77
2015-04-17,17826.3
2015-04-18,17895.843333333334
2015-04-19,17965.386666666665
2015-04-20,18034.93
2015-04-21,17949.59
2015-04-22,18038.27
2015-04-23,18058.69
2015-04-24,18080.14
2015-04-25,18066.083333333332
2015-04-26,18052.02666666667
2015-04-27,18037.97
2015-04-28,18110.14
2015-04-29,18035.53
2015-04-30,17840.52
2015-05-01,18024.06
2015-05-02,18039.506666666668
2015-05-03,18054.953333333335
2015-05-04,18070.4
2015-05-05,17928.2
2015-05-06,17841.98
2015-05-07,17924.06
2015-05-08,18191.11
2015-05-09,18162.463333333333
2015-05-10,18133.816666666666
2015-05-11,18105.17
2015-05-12,18068.23
2015-05-13,18060.49
2015-05-14,18252.24
2015-05-15,18272.56
2015-05-16,18281.333333333336
2015-05-17,18290.106666666667
2015-05-18,18298.88
2015-05-19,18312.39
2015-05-20,18285.4
2015-05-21,18285.74
2015-05-22,18232.02
2015-05-23,18200.273333333334
2015-05-24,18168.526666666665
2015-05-25,18136.78
2015-05-26,18041.54
2015-05-27,18162.99
2015-05-28,18126.12
2015-05-29,18010.68
2015-05-30,18020.576666666668
2015-05-31,18030.47333333333
2015-06-01,18040.37
2015-06-02,18011.94
2015-06-03,18076.27
2015-06-04,17905.58
2015-06-05,17849.46
2015-06-06,17821.823333333334
2015-06-07,17794.186666666665
2015-06-08,17766.55
2015-06-09,17764.04
2015-06-10,18000.4
2015-06-11,18039.37
2015-06-12,17898.84
2015-06-13,17862.95
2015-06-14,17827.059999999998
2015-06-15,17791.17
2015-06-16,17904.48
2015-06-17,17935.74
2015-06-18,18115.84
2015-06-19,18015.95
2015-06-20,18050.56
2015-06-21,18085.17
2015-06-22,18119.78
2015-06-23,18144.07
2015-06-24,17966.07
2015-06-25,17890.36
2015-06-26,17946.68
2015-06-27,17829.903333333332
2015-06-28,17713.126666666667
2015-06-29,17596.35
2015-06-30,17619.51
2015-07-01,17757.91
2015-07-02,17730.11
2015-07-03,17706.85
2015-07-04,17699.093333333334
2015-07-05,17691.336666666666
2015-07-06,17683.58
2015-07-07,17776.91
2015-07-08,17515.42
2015-07-09,17548.62
2015-07-10,17760.41
2015-07-11,17832.833333333332
2015-07-12,17905.256666666668
2015-07-13,17977.68
2015-07-14,18053.58
2015-07-15,18050.17
2015-07-16,18120.25
2015-07-17,18086.45
2015-07-18,18091.103333333333
2015-07-19,18095.756666666668
2015-07-20,18100.41
2015-07-21,17919.29
2015-07-22,17851.04
2015-07-23,17731.92
2015-07-24,17568.53
2015-07-25,17525.88333333333
2015-07-26,17483.236666666668
2015-07-27,17440.59
2015-07-28,17630.27
2015-07-29,17751.39
2015-07-30,17745.98
2015-07-31,17689.86
2015-08-01,17659.306666666667
2015-08-02,17628.753333333334
2015-08-03,17598.2
2015-08-04,17550.69
2015-08-05,17540.47
2015-08-06,17419.75
2015-08-07,17373.38
2015-08-08,17453.976666666666
2015-08-09,17534.573333333334
2015-08-10,17615.17
2015-08-11,17402.84
2015-08-12,17402.51
2015-08-13,17408.25
2015-08-14,17477.4
2015-08-15,17499.993333333336
2015-08-16,17522.586666666666
2015-08-17,17545.18
2015-08-18,17511.34
2015-08-19,17348.73
2015-08-20,16990.69
2015-08-21,16459.75
2015-08-22,16263.616666666667
2015-08-23,16067.483333333334
2015-08-24,15871.35
2015-08-25,15666.44
2015-08-26,16285.51
2015-08-27,16654.77
2015-08-28,16643.01
2015-08-29,16604.68333333333
2015-08-30,16566.356666666667
2015-08-31,16528.03
2015-09-01,16058.35
2015-09-02,16351.38
2015-09-03,16374.76
2015-09-04,16102.38
2015-09-05,16167.43
2015-09-06,16232.48
2015-09-07,16297.53
2015-09-08,16492.68
2015-09-09,16253.57
2015-09-10,16330.4
2015-09-11,16433.09
2015-09-12,16412.38
2015-09-13,16391.67
2015-09-14,16370.96
2015-09-15,16599.85
2015-09-16,16739.95
2015-09-17,16674.74
2015-09-18,16384.58
2015-09-19,16426.45
2015-09-20,16468.32
2015-09-21,16510.19
2015-09-22,16330.47
2015-09-23,16279.89
2015-09-24,16201.32
2015-09-25,16314.67
2015-09-26,16210.41
2015-09-27,16106.15
2015-09-28,16001.89
2015-09-29,16049.13
2015-09-30,16284.7
2015-10-01,16272.01
2015-10-02,16472.37
2015-10-03,16573.72333333333
2015-10-04,16675.076666666668
2015-10-05,16776.43
2015-10-06,16790.19
2015-10-07,16912.29
2015-10-08,17050.75
2015-10-09,17084.49
2015-10-10,17100.280000000002
2015-10-11,17116.07
2015-10-12,17131.86
2015-10-13,17081.89
2015-10-14,16924.75
2015-10-15,17141.75
2015-10-16,17215.97
2015-10-17,17220.826666666668
2015-10-18,17225.683333333334
2015-10-19,17230.54
2015-10-20,17217.11
2015-10-21,17168.61
2015-10-22,17489.16
2015-10-23,17646.7
2015-10-24,17638.816666666666
2015-10-25,17630.933333333334
2015-10-26,17623.05
2015-10-27,17581.43
2015-10-28,17779.52
2015-10-29,17755.8
2015-10-30,17663.54
2015-10-31,17718.613333333335
2015-11-01,17773.686666666665
2015-11-02,17828.76
2015-11-03,17918.15
2015-11-04,17867.58
2015-11-05,17863.43
2015-11-06,17910.33
2015-11-07,17850.38
2015-11-08,17790.43
2015-11-09,17730.48
2015-11-10,17758.21
2015-11-11,17702.22
2015-11-12,17448.07
2015-11-13,17245.24
2015-11-14,17324.496666666666
2015-11-15,17403.753333333334
2015-11-16,17483.01
2015-11-17,17489.5
2015-11-18,17737.16
2015-11-19,17732.75
2015-11-20,17823.81
2015-11-21,17813.433333333334
2015-11-22,17803.056666666667
2015-11-23,17792.68
2015-11-24,17812.19
2015-11-25,17813.39
2015-11-26,17805.94
2015-11-27,17798.49
2015-11-28,17772.3
2015-11-29,17746.11
2015-11-30,17719.92
2015-12-01,17888.35
2015-12-02,17729.68
2015-12-03,17477.67
2015-12-04,17847.63
2015-12-05,17808.59
2015-12-06,17769.55
2015-12-07,17730.51
2015-12-08,17568.0
2015-12-09,17492.3
2015-12-10,17574.75
2015-12-11,17265.21
2015-12-12,17299.64
2015-12-13,17334.07
2015-12-14,17368.5
2015-12-15,17524.91
2015-12-16,17749.09
2015-12-17,17495.84
2015-12-18,17128.55
2015-12-19,17169.573333333334
2015-12-20,17210.596666666665
2015-12-21,17251.62
2015-12-22,17417.27
2015-12-23,17602.61
2015-12-24,17552.17
2015-12-25,17540.22
2015-12-26,17536.236666666668
2015-12-27,17532.253333333334
2015-12-28,17528.27
2015-12-29,17720.98
2015-12-30,17603.87
2015-12-31,17425.03
2016-01-01,17286.99
2016-01-02,17240.973333333335
2016-01-03,17194.956666666665
2016-01-04,17148.94
2016-01-05,17158.66
2016-01-06,16906.51
2016-01-07,16514.1
2016-01-08,16346.45
2016-01-09,16363.823333333334
2016-01-10,16381.196666666667
2016-01-11,16398.57
2016-01-12,16516.22
2016-01-13,16151.41
2016-01-14,16379.05
2016-01-15,15988.08
2016-01-16,15992.736666666666
2016-01-17,15997.393333333333
2016-01-18,16002.05
2016-01-19,16016.02
2016-01-20,15766.74
2016-01-21,15882.68
2016-01-22,16093.51
2016-01-23,16024.08
2016-01-24,15954.65
2016-01-25,15885.22
2016-01-26,16167.23
2016-01-27,15944.46
2016-01-28,16069.64
2016-01-29,16466.3
2016-01-30,16460.593333333334
2016-01-31,16454.886666666665
2016-02-01,16449.18
2016-02-02,16153.54
2016-02-03,16336.66
2016-02-04,16416.58
2016-02-05,16204.97
2016-02-06,16145.663333333332
2016-02-07,16086.356666666667
2016-02-08,16027.05
2016-02-09,16014.38
2016-02-10,15914.74
2016-02-11,15660.18
2016-02-12,15973.84
2016-02-13,16010.933333333334
2016-02-14,16048.026666666667
2016-02-15,16085.12
2016-02-16,16196.41
2016-02-17,16453.83
2016-02-18,16413.43
2016-02-19,16391.99
2016-02-20,16468.213333333333
2016-02-21,16544.43666666667
2016-02-22,16620.66
2016-02-23,16431.78
2016-02-24,16484.99
2016-02-25,16697.29
2016-02-26,16639.97
2016-02-27,16598.813333333335
2016-02-28,16557.656666666666
2016-02-29,16516.5
2016-03-01,16865.08
2016-03-02,16899.32
2016-03-03,16943.9
2016-03-04,17006.77
2016-03-05,17029.163333333334
2016-03-06,17051.556666666667
2016-03-07,17073.95
2016-03-08,16964.1
2016-03-09,17000.36
2016-03-10,16995.13
2016-03-11,17213.31
2016-03-12,17218.583333333336
2016-03-13,17223.856666666667
2016-03-14,17229.13
2016-03-15,17251.53
2016-03-16,17325.76
2016-03-17,17481.49
2016-03-18,17602.3
2016-03-19,17609.489999999998
2016-03-20,17616.68
2016-03-21,17623.87
2016-03-22,17582.57
2016-03-23,17502.59
2016-03-24,17515.73
2016-03-25,17525.56
2016-03-26,17528.836666666666
2016-03-27,17532.113333333335
2016-03-28,17535.39
2016-03-29,17633.11
2016-03-30,17716.66
2016-03-31,17685.09
2016-04-01,17792.75
2016-04-02,17774.166666666668
2016-04-03,17755.583333333332
2016-04-04,17737.0
2016-04-05,17603.32
2016-04-06,17716.05
2016-04-07,17541.96
2016-04-08,17576.96
2016-04-09,17570.11
2016-04-10,17563.26
2016-04-11,17556.41
2016-04-12,17721.25
2016-04-13,17908.28
2016-04-14,17926.43
2016-04-15,17897.46
2016-04-16,17933.026666666665
2016-04-17,17968.593333333334
2016-04-18,18004.16
2016-04-19,18053.6
2016-04-20,18096.27
2016-04-21,17982.52
2016-04-22,18003.75
2016-04-23,17994.913333333334
2016-04-24,17986.076666666668
2016-04-25,17977.24
2016-04-26,17990.32
2016-04-27,18041.55
2016-04-28,17830.76
2016-04-29,17773.64
2016-04-30,17812.81333333333
2016-05-01,17851.986666666668
2016-05-02,17891.16
2016-05-03,17750.91
2016-05-04,17651.26
2016-05-05,17660.71
2016-05-06,17740.63
2016-05-07,17729.056666666667
2016-05-08,17717.483333333334
2016-05-09,17705.91
2016-05-10,17928.35
2016-05-11,17711.12
2016-05-12,17720.5
2016-05-13,17535.32
2016-05-14,17593.783333333333
2016-05-15,17652.246666666666
2016-05-16,17710.71
2016-05-17,17529.98
2016-05-18,17526.62
2016-05-19,17435.4
2016-05-20,17500.94
2016-05-21,17498.27
2016-05-22,17495.6
2016-05-23,17492.93
2016-05-24,17706.05
2016-05-25,17851.51
2016-05-26,17828.29
2016-05-27,17873.22
2016-05-28,17858.883333333335
2016-05-29,17844.546666666665
2016-05-30,17830.21
2016-05-31,17787.2
2016-06-01,17789.67
2016-06-02,17838.56
2016-06-03,17807.06
2016-06-04,17844.81666666667
2016-06-05,17882.573333333334
2016-06-06,17920.33
2016-06-07,17938.28
2016-06-08,18005.05
2016-06-09,17985.19
2016-06-10,17865.34
2016-06-11,17821.053333333333
2016-06-12,17776.766666666666
2016-06-13,17732.48
2016-06-14,17674.82
2016-06-15,17640.17
2016-06-16,17733.1
2016-06-17,17675.16
2016-06-18,17718.396666666667
2016-06-19,17761.63333333333
2016-06-20,17804.87
2016-06-21,17829.73
2016-06-22,17780.83
2016-06-23,18011.07
2016-06-24,17400.75
2016-06-25,17313.913333333334
2016-06-26,17227.076666666668
2016-06-27,17140.24
2016-06-28,17409.72
2016-06-29,17694.68
2016-06-30,17929.99
2016-07-01,17949.37
2016-07-02,17931.243333333332
2016-07-03,17913.11666666667
2016-07-04,17894.99
2016-07-05,17840.62
2016-07-06,17918.62
2016-07-07,17895.88
2016-07-08,18146.74
2016-07-09,18173.47
2016-07-10,18200.2
2016-07-11,18226.93
2016-07-12,18347.67
2016-07-13,18372.12
2016-07-14,18506.41
2016-07-15,18516.55
2016-07-16,18522.05
2016-07-17,18527.55
2016-07-18,18533.05
2016-07-19,18559.01
2016-07-20,18595.03
2016-07-21,18517.23
2016-07-22,18570.85
2016-07-23,18544.92
2016-07-24,18518.99
2016-07-25,18493.06
2016-07-26,18473.75
2016-07-27,18472.17
2016-07-28,18456.35
2016-07-29,18432.24
2016-07-30,18422.996666666666
2016-07-31,18413.753333333334
2016-08-01,18404.51
2016-08-02,18313.77
2016-08-03,18355.0
2016-08-04,18352.05
2016-08-05,18543.53
2016-08-06,18538.783333333333
2016-08-07,18534.036666666667
2016-08-08,18529.29
2016-08-09,18533.05
2016-08-10,18495.66
2016-08-11,18613.52
2016-08-12,18576.47
2016-08-13,18596.33
2016-08-14,18616.19
2016-08-15,18636.05
2016-08-16,18552.02
2016-08-17,18573.94
2016-08-18,18597.7
2016-08-19,18552.57
2016-08-20,18544.853333333333
2016-08-21,18537.136666666665
2016-08-22,18529.42
2016-08-23,18547.3
2016-08-24,18481.48
2016-08-25,18448.41
2016-08-26,18395.4
2016-08-27,18431.263333333336
2016-08-28,18467.126666666667
2016-08-29,18502.99
2016-08-30,18454.3
2016-08-31,18400.88
2016-09-01,18419.3
2016-09-02,18491.96
2016-09-03,18499.653333333332
2016-09-04,18507.346666666668
2016-09-05,18515.04
2016-09-06,18538.12
2016-09-07,18526.14
2016-09-08,18479.91
2016-09-09,18085.45
2016-09-10,18165.323333333334
2016-09-11,18245.196666666667
2016-09-12,18325.07
2016-09-13,18066.75
2016-09-14,18034.77
2016-09-15,18212.48
2016-09-16,18123.8
2016-09-17,18122.59
2016-09-18,18121.379999999997
2016-09-19,18120.17
2016-09-20,18129.96
2016-09-21,18293.7
2016-09-22,18392.46
2016-09-23,18261.45
2016-09-24,18205.91
2016-09-25,18150.370000000003
2016-09-26,18094.83
2016-09-27,18228.3
2016-09-28,18339.24
2016-09-29,18143.45
2016-09-30,18308.15
2016-10-01,18290.05
2016-10-02,18271.95
2016-10-03,18253.85
2016-10-04,18168.45
2016-10-05,18281.03
2016-10-06,18268.5
2016-10-07,18240.49
2016-10-08,18270.006666666668
2016-10-09,18299.523333333334
2016-10-10,18329.04
2016-10-11,18128.66
2016-10-12,18144.2
2016-10-13,18098.94
2016-10-14,18138.38
2016-10-15,18121.053333333333
2016-10-16,18103.72666666667
2016-10-17,18086.4
2016-10-18,18161.94
2016-10-19,18202.62
2016-10-20,18162.35
2016-10-21,18145.71
2016-10-22,18171.483333333334
2016-10-23,18197.256666666664
2016-10-24,18223.03
2016-10-25,18169.27
2016-10-26,18199.33
2016-10-27,18169.68
2016-10-28,18161.19
2016-10-29,18154.93333333333
2016-10-30,18148.676666666666
2016-10-31,18142.42
2016-11-01,18037.1
2016-11-02,17959.64
2016-11-03,17930.67
2016-11-04,17888.28
2016-11-05,18012.053333333333
2016-11-06,18135.826666666664
2016-11-07,18259.6
2016-11-08,18332.74
2016-11-09,18589.69
2016-11-10,18807.88
2016-11-11,18847.66
2016-11-12,18854.67
2016-11-13,18861.68
2016-11-14,18868.69
2016-11-15,18923.06
2016-11-16,18868.14
2016-11-17,18903.82
2016-11-18,18867.93
2016-11-19,18897.516666666666
2016-11-20,18927.103333333333
2016-11-21,18956.69
2016-11-22,19023.87
2016-11-23,19083.18
2016-11-24,19117.66
2016-11-25,19152.14
2016-11-26,19134.06
2016-11-27,19115.98
2016-11-28,19097.9
2016-11-29,19121.6
2016-11-30,19123.58
2016-12-01,19191.93
2016-12-02,19170.42
2016-12-03,19185.693333333333
2016-12-04,19200.966666666667
2016-12-05,19216.24
2016-12-06,19251.78
2016-12-07,19549.62
2016-12-08,19614.81
2016-12-09,19756.85
2016-12-10,19770.04333333333
2016-12-11,19783.236666666668
2016-12-12,19796.43
2016-12-13,19911.21
2016-12-14,19792.53
2016-12-15,19852.24
2016-12-16,19843.41
2016-12-17,19856.626666666667
2016-12-18,19869.843333333334
2016-12-19,19883.06
2016-12-20,19974.62
2016-12-21,19941.96
2016-12-22,19918.88
2016-12-23,19933.81
2016-12-24,19935.683333333334
2016-12-25,19937.556666666667
2016-12-26,19939.43
2016-12-27,19945.04
2016-12-28,19833.68
2016-12-29,19819.78
2016-12-30,19762.6
2016-12-31,19782.46
2017-01-01,19802.32
2017-01-02,19822.18
2017-01-03,19881.76
2017-01-04,19942.16
2017-01-05,19899.29
2017-01-06,19963.8
2017-01-07,19938.326666666668
2017-01-08,19912.853333333333
2017-01-09,19887.38
2017-01-10,19855.53
2017-01-11,19954.28
2017-01-12,19891.0
2017-01-13,19885.73
2017-01-14,19875.903333333332
2017-01-15,19866.076666666668
2017-01-16,19856.25
2017-01-17,19826.77
2017-01-18,19804.72
2017-01-19,19732.4
2017-01-20,19827.25
2017-01-21,19818.116666666665
2017-01-22,19808.983333333334
2017-01-23,19799.85
2017-01-24,19912.71
2017-01-25,20068.51
2017-01-26,20100.91
2017-01-27,20093.78
2017-01-28,20052.896666666667
2017-01-29,20012.013333333332
2017-01-30,19971.13
2017-01-31,19864.09
2017-02-01,19890.94
2017-02-02,19884.91
2017-02-03,20071.46
2017-02-04,20065.11333333333
2017-02-05,20058.766666666666
2017-02-06,20052.42
2017-02-07,20090.29
2017-02-08,20054.34
2017-02-09,20172.4
2017-02-10,20269.37
2017-02-11,20316.966666666667
2017-02-12,20364.56333333333
2017-02-13,20412.16
2017-02-14,20504.41
2017-02-15,20611.86
2017-02-16,20619.77
2017-02-17,20624.05
2017-02-18,20643.876666666667
2017-02-19,20663.70333333333
2017-02-20,20683.53
2017-02-21,20743.0
2017-02-22,20775.6
2017-02-23,20810.32
2017-02-24,20821.76
2017-02-25,20826.986666666664
2017-02-26,20832.213333333333
2017-02-27,20837.44
2017-02-28,20812.24
2017-03-01,21115.55
2017-03-02,21002.97
2017-03-03,21005.71
2017-03-04,20988.586666666666
2017-03-05,20971.463333333333
2017-03-06,20954.34
2017-03-07,20924.76
2017-03-08,20855.73
2017-03-09,20858.19
2017-03-10,20902.98
2017-03-11,20895.81333333333
2017-03-12,20888.646666666667
2017-03-13,20881.48
2017-03-14,20837.37
2017-03-15,20950.1
2017-03-16,20934.55
2017-03-17,20914.62
2017-03-18,20911.7
2017-03-19,20908.78
2017-03-20,20905.86
2017-03-21,20668.01
2017-03-22,20661.3
2017-03-23,20656.58
2017-03-24,20596.72
2017-03-25,20581.473333333335
2017-03-26,20566.226666666666
2017-03-27,20550.98
2017-03-28,20701.5
2017-03-29,20659.32
2017-03-30,20728.49
2017-03-31,20663.22
2017-04-01,20658.883333333335
2017-04-02,20654.546666666665
2017-04-03,20650.21
2017-04-04,20689.24
2017-04-05,20648.15
2017-04-06,20662.95
2017-04-07,20656.1
2017-04-08,20656.739999999998
2017-04-09,20657.38
2017-04-10,20658.02
2017-04-11,20651.3
2017-04-12,20591.86
2017-04-13,20453.25
2017-04-14,20545.08
2017-04-15,20575.693333333333
2017-04-16,20606.306666666667
2017-04-17,20636.92
2017-04-18,20523.28
2017-04-19,20404.49
2017-04-20,20578.71
2017-04-21,20547.76
2017-04-22,20619.803333333333
2017-04-23,20691.846666666665
2017-04-24,20763.89
2017-04-25,20996.12
2017-04-26,20975.09
2017-04-27,20981.33
2017-04-28,20940.51
2017-04-29,20931.493333333332
2017-04-30,20922.476666666666
2017-05-01,20913.46
2017-05-02,20949.89
2017-05-03,20957.9
2017-05-04,20951.47
2017-05-05,21006.94
2017-05-06,21008.719999999998
2017-05-07,21010.5
2017-05-08,21012.28
2017-05-09,20975.78
2017-05-10,20943.11
2017-05-11,20919.42
2017-05-12,20896.61
2017-05-13,20925.053333333333
2017-05-14,20953.496666666666
2017-05-15,20981.94
2017-05-16,20979.75
2017-05-17,20606.93
2017-05-18,20663.02
2017-05-19,20804.84
2017-05-20,20834.836666666666
2017-05-21,20864.833333333336
2017-05-22,20894.83
2017-05-23,20937.91
2017-05-24,21012.42
2017-05-25,21082.95
2017-05-26,21080.28
2017-05-27,21071.81333333333
2017-05-28,21063.346666666668
2017-05-29,21054.88
2017-05-30,21029.47
2017-05-31,21008.65
2017-06-01,21144.18
2017-06-02,21206.29
2017-06-03,21198.873333333333
2017-06-04,21191.45666666667
2017-06-05,21184.04
2017-06-06,21136.23
2017-06-07,21173.69
2017-06-08,21182.53
2017-06-09,21271.97
2017-06-10,21259.87
2017-06-11,21247.77
2017-06-12,21235.67
2017-06-13,21328.47
2017-06-14,21374.56
2017-06-15,21359.9
2017-06-16,21384.28
2017-06-17,21432.516666666666
2017-06-18,21480.753333333334
2017-06-19,21528.99
2017-06-20,21467.14
2017-06-21,21410.03
2017-06-22,21397.29
2017-06-23,21394.76
2017-06-24,21399.69
2017-06-25,21404.62
2017-06-26,21409.55
2017-06-27,21310.66
2017-06-28,21454.61
2017-06-29,21287.03
2017-06-30,21349.63
2017-07-01,21392.843333333334
2017-07-02,21436.056666666667
2017-07-03,21479.27
2017-07-04,21478.72
2017-07-05,21478.17
2017-07-06,21320.04
2017-07-07,21414.34
2017-07-08,21412.4
2017-07-09,21410.46
2017-07-10,21408.52
2017-07-11,21409.07
2017-07-12,21532.14
2017-07-13,21553.09
2017-07-14,21637.74
2017-07-15,21635.06666666667
2017-07-16,21632.393333333333
2017-07-17,21629.72
2017-07-18,21574.73
2017-07-19,21640.75
2017-07-20,21611.78
2017-07-21,21580.07
2017-07-22,21557.77
2017-07-23,21535.469999999998
2017-07-24,21513.17
2017-07-25,21613.43
2017-07-26,21711.01
2017-07-27,21796.55
2017-07-28,21830.31
2017-07-29,21850.58
2017-07-30,21870.85
2017-07-31,21891.12
2017-08-01,21963.92
2017-08-02,22016.24
2017-08-03,22026.1
2017-08-04,22092.81
2017-08-05,22101.346666666668
2017-08-06,22109.88333333333
2017-08-07,22118.42
2017-08-08,22085.34
2017-08-09,22048.7
2017-08-10,21844.01
2017-08-11,21858.32
2017-08-12,21903.45
2017-08-13,21948.579999999998
2017-08-14,21993.71
2017-08-15,21998.99
2017-08-16,22024.87
2017-08-17,21750.73
2017-08-18,21674.51
2017-08-19,21684.256666666664
2017-08-20,21694.003333333334
2017-08-21,21703.75
2017-08-22,21899.89
2017-08-23,21812.09
2017-08-24,21783.4
2017-08-25,21813.67
2017-08-26,21811.913333333334
2017-08-27,21810.156666666666
2017-08-28,21808.4
2017-08-29,21865.37
2017-08-30,21892.43
2017-08-31,21948.1
2017-09-01,21987.56
2017-09-02,21948.52
2017-09-03,21909.48
2017-09-04,21870.44
2017-09-05,21753.31
2017-09-06,21807.64
2017-09-07,21784.78
2017-09-08,21797.79
2017-09-09,21884.316666666666
2017-09-10,21970.843333333334
2017-09-11,22057.37
2017-09-12,22118.86
2017-09-13,22158.18
2017-09-14,22203.48
2017-09-15,22268.34
2017-09-16,22289.343333333334
2017-09-17,22310.346666666665
2017-09-18,22331.35
2017-09-19,22370.8
2017-09-20,22412.59
2017-09-21,22359.23
2017-09-22,22349.59
2017-09-23,22331.756666666668
2017-09-24,22313.923333333332
2017-09-25,22296.09
2017-09-26,22284.32
2017-09-27,22340.71
2017-09-28,22381.2
2017-09-29,22405.09
2017-09-30,22455.926666666666
2017-10-01,22506.763333333332
2017-10-02,22557.6
2017-10-03,22641.67
2017-10-04,22661.64
2017-10-05,22775.39
2017-10-06,22773.67
2017-10-07,22769.469999999998
2017-10-08,22765.27
2017-10-09,22761.07
2017-10-10,22830.68
2017-10-11,22872.89
2017-10-12,22841.01
2017-10-13,22871.72
2017-10-14,22900.133333333335
2017-10-15,22928.546666666665
2017-10-16,22956.96
2017-10-17,22997.44
2017-10-18,23157.6
2017-10-19,23163.04
2017-10-20,23328.63
2017-10-21,23310.406666666666
2017-10-22,23292.183333333334
2017-10-23,23273.96
2017-10-24,23441.76
2017-10-25,23329.46
2017-10-26,23400.86
2017-10-27,23434.19
2017-10-28,23405.706666666665
2017-10-29,23377.223333333335
2017-10-30,23348.74
2017-10-31,23377.24
2017-11-01,23435.01
2017-11-02,23516.26
2017-11-03,23539.19
2017-11-04,23542.266666666666
2017-11-05,23545.34333333333
2017-11-06,23548.42
2017-11-07,23557.23
2017-11-08,23563.36
2017-11-09,23461.94
2017-11-10,23422.21
2017-11-11,23428.04
2017-11-12,23433.87
2017-11-13,23439.7
2017-11-14,23409.47
2017-11-15,23271.28
2017-11-16,23458.36
2017-11-17,23358.24
2017-11-18,23382.27
2017-11-19,23406.300000000003
2017-11-20,23430.33
2017-11-21,23590.83
2017-11-22,23526.18
2017-11-23,23542.08
2017-11-24,23557.99
2017-11-25,23565.586666666666
2017-11-26,23573.183333333334
2017-11-27,23580.78
2017-11-28,23836.71
2017-11-29,23940.68
2017-11-30,24272.35
2017-12-01,24231.59
2017-12-02,24251.076666666668
2017-12-03,24270.56333333333
2017-12-04,24290.05
2017-12-05,24180.64
2017-12-06,24140.91
2017-12-07,24211.48
2017-12-08,24329.16
2017-12-09,24348.116666666665
2017-12-10,24367.073333333334
2017-12-11,24386.03
2017-12-12,24504.8
2017-12-13,24585.43
2017-12-14,24508.66
2017-12-15,24651.74
2017-12-16,24698.56
2017-12-17,24745.38
2017-12-18,24792.2
2017-12-19,24754.75
2017-12-20,24726.65
2017-12-21,24782.29
2017-12-22,24754.06
2017-12-23,24752.753333333334
2017-12-24,24751.446666666667
2017-12-25,24750.14
2017-12-26,24746.21
2017-12-27,24774.3
2017-12-28,24837.51
2017-12-29,24719.22
2017-12-30,24736.683333333334
2017-12-31,24754.146666666667
2018-01-01,24771.61
2018-01-02,24824.01
2018-01-03,24922.68
2018-01-04,25075.13
2018-01-05,25295.87
2018-01-06,25291.579999999998
2018-01-07,25287.29
2018-01-08,25283.0
2018-01-09,25385.8
2018-01-10,25369.13
2018-01-11,25574.73
2018-01-12,25803.19
2018-01-13,25801.469999999998
2018-01-14,25799.75
2018-01-15,25798.03
2018-01-16,25792.86
2018-01-17,26115.65
2018-01-18,26017.81
2018-01-19,26071.72
2018-01-20,26119.346666666668
2018-01-21,26166.97333333333
2018-01-22,26214.6
2018-01-23,26210.81
2018-01-24,26252.12
2018-01-25,26392.79
2018-01-26,26616.71
2018-01-27,26557.63333333333
2018-01-28,26498.556666666667
2018-01-29,26439.48
2018-01-30,26076.89
2018-01-31,26149.39
2018-02-01,26186.71
2018-02-02,25520.96
2018-02-03,25129.22333333333
2018-02-04,24737.486666666668
2018-02-05,24345.75
2018-02-06,24912.77
2018-02-07,24893.35
2018-02-08,23860.46
2018-02-09,24190.9
2018-02-10,24327.690000000002
2018-02-11,24464.48
2018-02-12,24601.27
2018-02-13,24640.45
2018-02-14,24893.49
2018-02-15,25200.37
2018-02-16,25219.38
2018-02-17,25176.943333333333
2018-02-18,25134.506666666668
2018-02-19,25092.07
2018-02-20,24964.75
2018-02-21,24797.78
2018-02-22,24962.48
2018-02-23,25309.99
2018-02-24,25443.083333333336
2018-02-25,25576.176666666666
2018-02-26,25709.27
2018-02-27,25410.03
2018-02-28,25029.2
2018-03-01,24608.98
2018-03-02,24538.06
2018-03-03,24650.293333333335
2018-03-04,24762.526666666665
2018-03-05,24874.76
2018-03-06,24884.12
2018-03-07,24801.36
2018-03-08,24895.21
2018-03-09,25335.74
2018-03-10,25283.363333333335
2018-03-11,25230.986666666668
2018-03-12,25178.61
2018-03-13,25007.03
2018-03-14,24758.12
2018-03-15,24873.66
2018-03-16,24946.51
2018-03-17,24834.643333333333
2018-03-18,24722.776666666665
2018-03-19,24610.91
2018-03-20,24727.27
2018-03-21,24682.31
2018-03-22,23957.89
2018-03-23,23533.2
2018-03-24,23756.333333333332
2018-03-25,23979.466666666667
2018-03-26,24202.6
2018-03-27,23857.71
2018-03-28,23848.42
2018-03-29,24103.11
2018-03-30,23873.65
2018-03-31,23797.163333333334
2018-04-01,23720.676666666666
2018-04-02,23644.19
2018-04-03,24033.36
2018-04-04,24264.3
2018-04-05,24505.22
2018-04-06,23932.76
2018-04-07,23948.206666666665
2018-04-08,23963.653333333332
2018-04-09,23979.1
2018-04-10,24408.0
2018-04-11,24189.45
2018-04-12,24483.05
2018-04-13,24360.14
2018-04-14,24431.106666666667
2018-04-15,24502.073333333334
2018-04-16,24573.04
2018-04-17,24786.63
2018-04-18,24748.07
2018-04-19,24664.89
2018-04-20,24462.94
2018-04-21,24458.19
2018-04-22,24453.44
2018-04-23,24448.69
2018-04-24,24024.13
2018-04-25,24083.83
2018-04-26,24322.34
2018-04-27,24311.19
2018-04-28,24261.843333333334
2018-04-29,24212.496666666666
2018-04-30,24163.15
2018-05-01,24099.05
2018-05-02,23924.98
2018-05-03,23930.15
2018-05-04,24262.51
2018-05-05,24294.11333333333
2018-05-06,24325.716666666667
2018-05-07,24357.32
2018-05-08,24360.21
2018-05-09,24542.54
2018-05-10,24739.53
2018-05-11,24831.17
2018-05-12,24853.916666666664
2018-05-13,24876.663333333334
2018-05-14,24899.41
2018-05-15,24706.41
2018-05-16,24768.93
2018-05-17,24713.98
2018-05-18,24715.09
2018-05-19,24814.49
2018-05-20,24913.89
2018-05-21,25013.29
2018-05-22,24834.41
2018-05-23,24886.81
2018-05-24,24811.76
2018-05-25,24753.09
2018-05-26,24687.816666666666
2018-05-27,24622.543333333335
2018-05-28,24557.27
2018-05-29,24361.45
2018-05-30,24667.78
2018-05-31,24415.84
2018-06-01,24635.21
2018-06-02,24694.70333333333
2018-06-03,24754.196666666667
2018-06-04,24813.69
2018-06-05,24799.98
2018-06-06,25146.39
2018-06-07,25241.41
2018-06-08,25316.53
2018-06-09,25318.456666666665
2018-06-10,25320.383333333335
2018-06-11,25322.31
2018-06-12,25320.73
2018-06-13,25201.2
2018-06-14,25175.31
2018-06-15,25090.48
2018-06-16,25056.143333333333
2018-06-17,25021.806666666667
2018-06-18,24987.47
2018-06-19,24700.21
2018-06-20,24657.8
2018-06-21,24461.7
2018-06-22,24580.89
2018-06-23,24471.526666666665
2018-06-24,24362.163333333334
2018-06-25,24252.8
2018-06-26,24283.11
2018-06-27,24117.59
2018-06-28,24216.05
2018-06-29,24271.41
2018-06-30,24283.333333333332
2018-07-01,24295.256666666668
2018-07-02,24307.18
2018-07-03,24174.82
2018-07-04,24265.78
2018-07-05,24356.74
2018-07-06,24456.48
2018-07-07,24563.183333333334
2018-07-08,24669.886666666665
2018-07-09,24776.59
2018-07-10,24919.66
2018-07-11,24700.45
2018-07-12,24924.89
2018-07-13,25019.41
2018-07-14,25034.393333333333
2018-07-15,25049.376666666667
2018-07-16,25064.36
2018-07-17,25119.89
2018-07-18,25199.29
2018-07-19,25064.5
2018-07-20,25058.12
2018-07-21,25053.51
2018-07-22,25048.9
2018-07-23,25044.29
2018-07-24,25241.94
2018-07-25,25414.1
2018-07-26,25527.07
2018-07-27,25451.06
2018-07-28,25402.983333333334
2018-07-29,25354.90666666667
2018-07-30,25306.83
2018-07-31,25415.19
2018-08-01,25333.82
2018-08-02,25326.16
2018-08-03,25462.58
2018-08-04,25475.780000000002
2018-08-05,25488.98
2018-08-06,25502.18
2018-08-07,25628.91
2018-08-08,25583.75
2018-08-09,25509.23
2018-08-10,25313.14
2018-08-11,25271.326666666668
2018-08-12,25229.513333333332
2018-08-13,25187.7
2018-08-14,25299.92
2018-08-15,25162.41
2018-08-16,25558.73
2018-08-17,25669.32
2018-08-18,25699.11
2018-08-19,25728.899999999998
2018-08-20,25758.69
2018-08-21,25822.29
2018-08-22,25733.6
2018-08-23,25656.98
2018-08-24,25790.35
2018-08-25,25876.78
2018-08-26,25963.21
2018-08-27,26049.64
2018-08-28,26064.02
2018-08-29,26124.57
2018-08-30,25986.92
2018-08-31,25964.82
2018-09-01,25962.763333333332
2018-09-02,25960.70666666667
2018-09-03,25958.65
2018-09-04,25952.48
2018-09-05,25974.99
2018-09-06,25995.87
2018-09-07,25916.54
2018-09-08,25896.716666666667
2018-09-09,25876.893333333333
2018-09-10,25857.07
2018-09-11,25971.06
2018-09-12,25998.92
2018-09-13,26145.99
2018-09-14,26154.67
2018-09-15,26123.82
2018-09-16,26092.969999999998
2018-09-17,26062.12
2018-09-18,26246.96
2018-09-19,26405.76
2018-09-20,26656.98
2018-09-21,26743.5
2018-09-22,26683.016666666666
2018-09-23,26622.533333333333
2018-09-24,26562.05
2018-09-25,26492.21
2018-09-26,26385.28
2018-09-27,26439.93
2018-09-28,26458.31
2018-09-29,26522.61
2018-09-30,26586.91
2018-10-01,26651.21
2018-10-02,26773.94
2018-10-03,26828.39
2018-10-04,26627.48
2018-10-05,26447.05
2018-10-06,26460.29333333333
2018-10-07,26473.536666666667
2018-10-08,26486.78
2018-10-09,26430.57
2018-10-10,25598.74
2018-10-11,25052.83
2018-10-12,25339.99
2018-10-13,25310.176666666666
2018-10-14,25280.363333333335
2018-10-15,25250.55
2018-10-16,25798.42
2018-10-17,25706.68
2018-10-18,25379.45
2018-10-19,25444.34
2018-10-20,25402.03
2018-10-21,25359.72
2018-10-22,25317.41
2018-10-23,25191.43
2018-10-24,24583.42
2018-10-25,24984.55
2018-10-26,24688.31
2018-10-27,24606.513333333332
2018-10-28,24524.716666666667
2018-10-29,24442.92
2018-10-30,24874.64
2018-10-31,25115.76
2018-11-01,25380.74
2018-11-02,25270.83
2018-11-03,25334.453333333335
2018-11-04,25398.076666666668
2018-11-05,25461.7
2018-11-06,25635.01
2018-11-07,26180.3
2018-11-08,26191.22
2018-11-09,25989.3
2018-11-10,25788.593333333334
2018-11-11,25587.886666666665
2018-11-12,25387.18
2018-11-13,25286.49
2018-11-14,25080.5
2018-11-15,25289.27
2018-11-16,25413.22
2018-11-17,25281.293333333335
2018-11-18,25149.366666666665
2018-11-19,25017.44
2018-11-20,24465.64
2018-11-21,24464.69
2018-11-22,24375.32
2018-11-23,24285.95
2018-11-24,24404.04666666667
2018-11-25,24522.143333333333
2018-11-26,24640.24
2018-11-27,24748.73
2018-11-28,25366.43
2018-11-29,25338.84
2018-11-30,25538.46
2018-12-01,25634.45
2018-12-02,25730.44
2018-12-03,25826.43
2018-12-04,25027.07
2018-12-05,24987.37
2018-12-06,24947.67
2018-12-07,24388.95
2018-12-08,24400.386666666665
2018-12-09,24411.823333333334
2018-12-10,24423.26
2018-12-11,24370.24
2018-12-12,24527.27
2018-12-13,24597.38
2018-12-14,24100.51
2018-12-15,23931.333333333332
2018-12-16,23762.156666666666
2018-12-17,23592.98
2018-12-18,23675.64
2018-12-19,23323.66
2018-12-20,22859.6
2018-12-21,22445.37
2018-12-22,22227.646666666667
2018-12-23,22009.923333333332
2018-12-24,21792.2
2018-12-25,22335.33
2018-12-26,22878.45
2018-12-27,23138.82
2018-12-28,23062.4
2018-12-29,23150.753333333334
2018-12-30,23239.106666666667
2018-12-31,23327.46
2019-01-01,23336.85
2019-01-02,23346.24
2019-01-03,22686.22
2019-01-04,23433.16
2019-01-05,23465.89
2019-01-06,23498.62
2019-01-07,23531.35
2019-01-08,23787.45
2019-01-09,23879.12
2019-01-10,24001.92
2019-01-11,23995.95
2019-01-12,23967.246666666666
2019-01-13,23938.543333333335
2019-01-14,23909.84
2019-01-15,24065.59
2019-01-16,24207.16
2019-01-17,24370.1
2019-01-18,24706.35
2019-01-19,24656.039999999997
2019-01-20,24605.73
2019-01-21,24555.42
2019-01-22,24404.48
2019-01-23,24575.62
2019-01-24,24553.24
2019-01-25,24737.2
2019-01-26,24667.54
2019-01-27,24597.88
2019-01-28,24528.22
2019-01-29,24579.96
2019-01-30,25014.86
2019-01-31,24999.67
2019-02-01,25063.89
2019-02-02,25122.38333333333
2019-02-03,25180.876666666667
2019-02-04,25239.37
2019-02-05,25411.52
2019-02-06,25390.3
2019-02-07,25169.53
2019-02-08,25106.33
2019-02-09,25088.59
2019-02-10,25070.850000000002
2019-02-11,25053.11
2019-02-12,25425.76
2019-02-13,25543.27
2019-02-14,25439.39
2019-02-15,25883.25
2019-02-16,25884.593333333334
2019-02-17,25885.936666666665
2019-02-18,25887.28
2019-02-19,25891.32
2019-02-20,25954.44
2019-02-21,25850.63
2019-02-22,26031.81
2019-02-23,26051.856666666667
2019-02-24,26071.903333333335
2019-02-25,26091.95
2019-02-26,26057.98
2019-02-27,25985.16
2019-02-28,25916.0
2019-03-01,26026.32
2019-03-02,25957.43
2019-03-03,25888.54
2019-03-04,25819.65
2019-03-05,25806.63
2019-03-06,25673.46
2019-03-07,25473.23
2019-03-08,25450.24
2019-03-09,25517.120000000003
2019-03-10,25584.0
2019-03-11,25650.88
2019-03-12,25554.66
2019-03-13,25702.89
2019-03-14,25709.94
2019-03-15,25848.87
2019-03-16,25870.61333333333
2019-03-17,25892.356666666667
2019-03-18,25914.1
2019-03-19,25887.38
2019-03-20,25745.67
2019-03-21,25962.51
2019-03-22,25502.32
2019-03-23,25507.156666666666
2019-03-24,25511.993333333336
2019-03-25,25516.83
2019-03-26,25657.73
2019-03-27,25625.59
2019-03-28,25717.46
2019-03-29,25928.68
2019-03-30,26038.593333333334
2019-03-31,26148.506666666664
2019-04-01,26258.42
2019-04-02,26179.13
2019-04-03,26218.13
2019-04-04,26384.63
2019-04-05,26424.99
2019-04-06,26397.0
2019-04-07,26369.010000000002
2019-04-08,26341.02
2019-04-09,26150.58
2019-04-10,26157.16
2019-04-11,26143.05
2019-04-12,26412.3
2019-04-13,26403.123333333333
2019-04-14,26393.946666666667
2019-04-15,26384.77
2019-04-16,26452.66
2019-04-17,26449.54
2019-04-18,26559.54
2019-04-19,26535.29
2019-04-20,26527.21
2019-04-21,26519.13
2019-04-22,26511.05
2019-04-23,26656.39
2019-04-24,26597.05
2019-04-25,26462.08
2019-04-26,26543.33
2019-04-27,26547.016666666666
2019-04-28,26550.703333333335
2019-04-29,26554.39
2019-04-30,26592.91
2019-05-01,26430.14
2019-05-02,26307.79
2019-05-03,26504.95
2019-05-04,26482.793333333335
2019-05-05,26460.636666666665
2019-05-06,26438.48
2019-05-07,25965.09
2019-05-08,25967.33
2019-05-09,25828.36
2019-05-10,25942.37
2019-05-11,25736.576666666668
2019-05-12,25530.783333333333
2019-05-13,25324.99
2019-05-14,25532.05
2019-05-15,25648.02
2019-05-16,25862.68
2019-05-17,25764.0
2019-05-18,25735.966666666667
2019-05-19,25707.933333333334
2019-05-20,25679.9
2019-05-21,25877.33
2019-05-22,25776.61
2019-05-23,25490.47
2019-05-24,25585.69
2019-05-25,25546.036666666667
2019-05-26,25506.38333333333
2019-05-27,25466.73
2019-05-28,25347.77
2019-05-29,25126.41
2019-05-30,25169.88
2019-05-31,24815.04
2019-06-01,24816.62
2019-06-02,24818.2
2019-06-03,24819.78
2019-06-04,25332.18
2019-06-05,25539.57
2019-06-06,25720.66
2019-06-07,25983.94
2019-06-08,26010.186666666665
2019-06-09,26036.433333333334
2019-06-10,26062.68
2019-06-11,26048.51
2019-06-12,26004.83
2019-06-13,26106.77
2019-06-14,26089.61
2019-06-15,26097.25
2019-06-16,26104.89
2019-06-17,26112.53
2019-06-18,26465.54
2019-06-19,26504.0
2019-06-20,26753.17
2019-06-21,26719.13
2019-06-22,26721.933333333334
2019-06-23,26724.736666666668
2019-06-24,26727.54
2019-06-25,26548.22
2019-06-26,26536.82
2019-06-27,26526.58
2019-06-28,26599.96
2019-06-29,26639.116666666665
2019-06-30,26678.273333333334
2019-07-01,26717.43
2019-07-02,26786.68
2019-07-03,26966.0
2019-07-04,26944.06
2019-07-05,26922.12
2019-07-06,26883.46
2019-07-07,26844.8
2019-07-08,26806.14
2019-07-09,26783.49
2019-07-10,26860.2
2019-07-11,27088.08
2019-07-12,27332.03
2019-07-13,27341.073333333334
2019-07-14,27350.116666666665
2019-07-15,27359.16
2019-07-16,27335.63
2019-07-17,27219.85
2019-07-18,27222.97
2019-07-19,27154.2
2019-07-20,27160.100000000002
2019-07-21,27166.0
2019-07-22,27171.9
2019-07-23,27349.19
2019-07-24,27269.97
2019-07-25,27140.98
2019-07-26,27192.45
2019-07-27,27202.083333333332
2019-07-28,27211.716666666667
2019-07-29,27221.35
2019-07-30,27198.02
2019-07-31,26864.27
2019-08-01,26583.42
2019-08-02,26485.01
2019-08-03,26229.253333333334
2019-08-04,25973.496666666666
2019-08-05,25717.74
2019-08-06,26029.52
2019-08-07,26007.07
2019-08-08,26378.19
2019-08-09,26287.44
2019-08-10,26160.75
2019-08-11,26034.059999999998
2019-08-12,25907.37
2019-08-13,26279.91
2019-08-14,25479.42
2019-08-15,25579.39
2019-08-16,25886.01
2019-08-17,25969.27
2019-08-18,26052.53
2019-08-19,26135.79
2019-08-20,25962.44
2019-08-21,26202.73
2019-08-22,26252.24
2019-08-23,25628.9
2019-08-24,25718.876666666667
2019-08-25,25808.853333333336
2019-08-26,25898.83
2019-08-27,25777.9
2019-08-28,26036.1
2019-08-29,26362.25
2019-08-30,26403.28
2019-08-31,26355.736666666668
2019-09-01,26308.193333333333
2019-09-02,26260.65
2019-09-03,26118.02
2019-09-04,26355.47
2019-09-05,26728.15
2019-09-06,26797.46
2019-09-07,26810.143333333333
2019-09-08,26822.826666666664
2019-09-09,26835.51
2019-09-10,26909.43
2019-09-11,27137.04
2019-09-12,27182.45
2019-09-13,27219.52
2019-09-14,27171.953333333335
2019-09-15,27124.386666666665
2019-09-16,27076.82
2019-09-17,27110.8
2019-09-18,27147.08
2019-09-19,27094.79
2019-09-20,26935.07
2019-09-21,26940.043333333335
2019-09-22,26945.016666666666
2019-09-23,26949.99
2019-09-24,26807.77
2019-09-25,26970.71
2019-09-26,26891.12
2019-09-27,26820.25
2019-09-28,26852.443333333333
2019-09-29,26884.63666666667
2019-09-30,26916.83
2019-10-01,26573.04
2019-10-02,26078.62
2019-10-03,26201.04
2019-10-04,26573.72
2019-10-05,26541.82
2019-10-06,26509.920000000002
2019-10-07,26478.02
2019-10-08,26164.04
2019-10-09,26346.01
2019-10-10,26496.67
2019-10-11,26816.59
2019-10-12,26806.846666666668
2019-10-13,26797.103333333333
2019-10-14,26787.36
2019-10-15,27024.8
2019-10-16,27001.98
2019-10-17,27025.88
2019-10-18,26770.2
2019-10-19,26789.346666666668
2019-10-20,26808.493333333332
2019-10-21,26827.64
2019-10-22,26788.1
2019-10-23,26833.95
2019-10-24,26805.53
2019-10-25,26958.06
2019-10-26,27002.280000000002
2019-10-27,27046.5
2019-10-28,27090.72
2019-10-29,27071.42
2019-10-30,27186.69
2019-10-31,27046.23
2019-11-01,27347.36
2019-11-02,27385.61
2019-11-03,27423.86
2019-11-04,27462.11
2019-11-05,27492.63
2019-11-06,27492.56
2019-11-07,27674.8
2019-11-08,27681.24
2019-11-09,27684.65666666667
2019-11-10,27688.073333333334
2019-11-11,27691.49
2019-11-12,27691.49
2019-11-13,27783.59
2019-11-14,27781.96
2019-11-15,28004.89
2019-11-16,28015.333333333332
2019-11-17,28025.77666666667
2019-11-18,28036.22
2019-11-19,27934.02
2019-11-20,27821.09
2019-11-21,27766.29
2019-11-22,27875.62
2019-11-23,27939.236666666668
2019-11-24,28002.853333333333
2019-11-25,28066.47
2019-11-26,28121.68
2019-11-27,28164.0
2019-11-28,28107.71
2019-11-29,28051.41
2019-11-30,27961.953333333335
2019-12-01,27872.496666666666
2019-12-02,27783.04
2019-12-03,27502.81
2019-12-04,27649.78
2019-12-05,27677.79
2019-12-06,28015.06
2019-12-07,27979.906666666666
2019-12-08,27944.753333333334
2019-12-09,27909.6
2019-12-10,27881.72
2019-12-11,27911.3
2019-12-12,28132.05
2019-12-13,28135.38
2019-12-14,28168.883333333335
2019-12-15,28202.386666666665
2019-12-16,28235.89
2019-12-17,28267.16
2019-12-18,28239.28
2019-12-19,28376.96
2019-12-20,28455.09
2019-12-21,28487.236666666668
2019-12-22,28519.38333333333
2019-12-23,28551.53
2019-12-24,28515.45
2019-12-25,28568.42
2019-12-26,28621.39
2019-12-27,28645.26
2019-12-28,28584.219999999998
2019-12-29,28523.18
2019-12-30,28462.14
2019-12-31,28538.44
2020-01-01,28703.62
2020-01-02,28868.8
2020-01-03,28634.88
2020-01-04,28657.713333333333
2020-01-05,28680.54666666667
2020-01-06,28703.38
2020-01-07,28583.68
2020-01-08,28745.09
2020-01-09,28956.9
2020-01-10,28823.77
2020-01-11,28851.53
2020-01-12,28879.29
2020-01-13,28907.05
2020-01-14,28939.67
2020-01-15,29030.22
2020-01-16,29297.64
2020-01-17,29348.1
2020-01-18,29322.756666666664
2020-01-19,29297.413333333334
2020-01-20,29272.07
2020-01-21,29196.04
2020-01-22,29186.27
2020-01-23,29160.09
2020-01-24,28989.73
2020-01-25,28838.42
2020-01-26,28687.11
2020-01-27,28535.8
2020-01-28,28722.85
2020-01-29,28734.45
2020-01-30,28859.44
2020-01-31,28256.03
2020-02-01,28303.956666666665
2020-02-02,28351.883333333335
2020-02-03,28399.81
2020-02-04,28807.63
2020-02-05,29290.85
2020-02-06,29379.77
2020-02-07,29102.51
2020-02-08,29160.61333333333
2020-02-09,29218.716666666667
2020-02-10,29276.82
2020-02-11,29276.34
2020-02-12,29551.42
2020-02-13,29423.31
2020-02-14,29398.08
2020-02-15,29370.433333333334
2020-02-16,29342.786666666667
2020-02-17,29315.14
2020-02-18,29232.19
2020-02-19,29348.03
2020-02-20,29219.98
2020-02-21,28992.41
2020-02-22,28648.54
2020-02-23,28304.67
2020-02-24,27960.8
2020-02-25,27081.36
2020-02-26,26957.59
2020-02-27,25766.64
2020-02-28,25409.36
2020-02-29,25840.68
2020-03-01,26272.0
2020-03-02,26703.32
2020-03-03,25917.41
2020-03-04,27090.86
2020-03-05,26121.28
2020-03-06,25864.78
2020-03-07,25193.526666666665
2020-03-08,24522.273333333334
2020-03-09,23851.02
2020-03-10,25018.16
2020-03-11,23553.22
2020-03-12,21200.62
2020-03-13,23185.62
2020-03-14,22186.586666666666
2020-03-15,21187.553333333333
2020-03-16,20188.52
2020-03-17,21237.38
2020-03-18,19898.92
2020-03-19,20087.19
2020-03-20,19173.98
2020-03-21,18979.963333333333
2020-03-22,18785.946666666667
2020-03-23,18591.93
2020-03-24,20704.91
2020-03-25,21200.55
2020-03-26,22552.17
2020-03-27,21636.78
2020-03-28,21867.013333333332
2020-03-29,22097.246666666666
2020-03-30,22327.48
2020-03-31,21917.16
2020-04-01,20943.51
2020-04-02,21413.44
2020-04-03,21052.53
2020-04-04,21595.016666666666
2020-04-05,22137.503333333334
2020-04-06,22679.99
2020-04-07,22653.86
2020-04-08,23433.57
2020-04-09,23719.37
2020-04-10,23555.07
2020-04-11,23500.303333333333
2020-04-12,23445.536666666667
2020-04-13,23390.77
2020-04-14,23949.76
2020-04-15,23504.35
2020-04-16,23537.68
2020-04-17,24242.49
2020-04-18,24045.14
2020-04-19,23847.79
2020-04-20,23650.44
2020-04-21,23018.88
2020-04-22,23475.82
2020-04-23,23515.26
2020-04-24,23775.27
2020-04-25,23894.773333333334
2020-04-26,24014.276666666665
2020-04-27,24133.78
2020-04-28,24101.55
2020-04-29,24633.86
2020-04-30,24345.72
2020-05-01,23723.69
2020-05-02,23732.379999999997
2020-05-03,23741.07
2020-05-04,23749.76
2020-05-05,23883.09
2020-05-06,23664.64
2020-05-07,23875.89
2020-05-08,24331.32
2020-05-09,24294.876666666667
2020-05-10,24258.433333333334
2020-05-11,24221.99
2020-05-12,23764.78
2020-05-13,23247.97
2020-05-14,23625.34
2020-05-15,23685.42
2020-05-16,23989.403333333332
2020-05-17,24293.386666666665
2020-05-18,24597.37
2020-05-19,24206.86
2020-05-20,24575.9
2020-05-21,24474.12
2020-05-22,24465.16
2020-05-23,24553.486666666668
2020-05-24,24641.81333333333
2020-05-25,24730.14
2020-05-26,24995.11
2020-05-27,25548.27
2020-05-28,25400.64
2020-05-29,25383.11
2020-05-30,25413.746666666666
2020-05-31,25444.383333333335
2020-06-01,25475.02
2020-06-02,25742.65
2020-06-03,26269.89
2020-06-04,26281.82
2020-06-05,27110.98
2020-06-06,27264.8
2020-06-07,27418.62
2020-06-08,27572.44
2020-06-09,27272.3
2020-06-10,26989.99
2020-06-11,25128.17
2020-06-12,25605.54
2020-06-13,25658.08
2020-06-14,25710.62
2020-06-15,25763.16
2020-06-16,26289.98
2020-06-17,26119.61
2020-06-18,26080.1
2020-06-19,25871.46
2020-06-20,25922.626666666667
2020-06-21,25973.79333333333
2020-06-22,26024.96
2020-06-23,26156.1
2020-06-24,25445.94
2020-06-25,25745.6
2020-06-26,25015.55
2020-06-27,25208.966666666667
2020-06-28,25402.38333333333
2020-06-29,25595.8
2020-06-30,25812.88
2020-07-01,25734.97
2020-07-02,25827.36
2020-07-03,26057.19
2020-07-04,26133.803333333333
2020-07-05,26210.416666666664
2020-07-06,26287.03
2020-07-07,25890.18
2020-07-08,26067.28
2020-07-09,25706.09
2020-07-10,26075.3
2020-07-11,26078.8
2020-07-12,26082.3
2020-07-13,26085.8
2020-07-14,26642.59
2020-07-15,26870.1
2020-07-16,26734.71
2020-07-17,26671.95
2020-07-18,26674.923333333332
2020-07-19,26677.896666666667
2020-07-20,26680.87
2020-07-21,26840.4
2020-07-22,27005.84
2020-07-23,26652.33
2020-07-24,26469.89
2020-07-25,26508.183333333334
2020-07-26,26546.476666666666
2020-07-27,26584.77
2020-07-28,26379.28
2020-07-29,26539.57
2020-07-30,26313.65
2020-07-31,26428.32
2020-08-01,26507.013333333332
2020-08-02,26585.70666666667
2020-08-03,26664.4
2020-08-04,26828.47
2020-08-05,27201.52
2020-08-06,27386.98
2020-08-07,27433.48
2020-08-08,27552.8
2020-08-09,27672.12
2020-08-10,27791.44
2020-08-11,27686.91
2020-08-12,27976.84
2020-08-13,27896.72
2020-08-14,27931.02
2020-08-15,27902.316666666666
2020-08-16,27873.613333333335
2020-08-17,27844.91
2020-08-18,27778.07
2020-08-19,27692.88
2020-08-20,27739.73
2020-08-21,27930.33
2020-08-22,28056.373333333333
2020-08-23,28182.416666666668
2020-08-24,28308.46
2020-08-25,28248.44
2020-08-26,28331.92
2020-08-27,28492.27
2020-08-28,28653.87
2020-08-29,28579.263333333332
2020-08-30,28504.656666666666
2020-08-31,28430.05
2020-09-01,28645.66
2020-09-02,29100.5
2020-09-03,28292.73
2020-09-04,28133.31
2020-09-05,28027.906666666666
2020-09-06,27922.503333333334
2020-09-07,27817.1
2020-09-08,27500.89
2020-09-09,27940.47
2020-09-10,27534.58
2020-09-11,27665.64
2020-09-12,27774.87
2020-09-13,27884.100000000002
2020-09-14,27993.33
2020-09-15,27995.6
2020-09-16,28032.38
2020-09-17,27901.98
2020-09-18,27657.42
2020-09-19,27487.513333333332
2020-09-20,27317.606666666667
2020-09-21,27147.7
2020-09-22,27288.18
2020-09-23,26763.13
2020-09-24,26815.44
2020-09-25,27173.96
2020-09-26,27310.66
2020-09-27,27447.36
2020-09-28,27584.06
2020-09-29,27452.66
2020-09-30,27781.7
2020-10-01,27816.9
2020-10-02,27682.81
2020-10-03,27838.086666666666
2020-10-04,27993.363333333335
2020-10-05,28148.64
2020-10-06,27772.76
2020-10-07,28303.46
2020-10-08,28425.51
2020-10-09,28586.9
2020-10-10,28670.440000000002
2020-10-11,28753.98
2020-10-12,28837.52
2020-10-13,28679.81
2020-10-14,28514.0
2020-10-15,28494.2
2020-10-16,28606.31
2020-10-17,28469.346666666668
2020-10-18,28332.38333333333
2020-10-19,28195.42
2020-10-20,28308.79
2020-10-21,28210.82
2020-10-22,28363.66
2020-10-23,28335.57
2020-10-24,28118.84
2020-10-25,27902.11
2020-10-26,27685.38
2020-10-27,27463.19
2020-10-28,26519.95
2020-10-29,26659.11
2020-10-30,26501.6
2020-10-31,26642.75
2020-11-01,26783.899999999998
2020-11-02,26925.05
2020-11-03,27480.03
2020-11-04,27847.66
2020-11-05,28390.18
2020-11-06,28323.4
2020-11-07,28601.59
2020-11-08,28879.780000000002
2020-11-09,29157.97
2020-11-10,29420.92
2020-11-11,29397.63
2020-11-12,29080.17
2020-11-13,29479.81
2020-11-14,29636.68666666667
2020-11-15,29793.56333333333
2020-11-16,29950.44
2020-11-17,29783.35
2020-11-18,29438.42
2020-11-19,29483.23
2020-11-20,29263.48
2020-11-21,29372.743333333332
2020-11-22,29482.006666666668
2020-11-23,29591.27
2020-11-24,30046.24
2020-11-25,29872.47
2020-11-26,29891.42
2020-11-27,29910.37
2020-11-28,29819.79333333333
2020-11-29,29729.216666666667
2020-11-30,29638.64
2020-12-01,29823.92
2020-12-02,29883.79
2020-12-03,29969.52
2020-12-04,30218.26
2020-12-05,30168.77
2020-12-06,30119.28
2020-12-07,30069.79
2020-12-08,30173.88
2020-12-09,30068.81
2020-12-10,29999.26
2020-12-11,30046.37
2020-12-12,29984.763333333332
2020-12-13,29923.156666666666
2020-12-14,29861.55
2020-12-15,30199.31
2020-12-16,30154.54
2020-12-17,30303.37
2020-12-18,30179.05
2020-12-19,30191.516666666666
2020-12-20,30203.983333333334
2020-12-21,30216.45
2020-12-22,30015.51
2020-12-23,30129.83
2020-12-24,30199.87
2020-12-25,30301.92
2020-12-26,30335.936666666665
2020-12-27,30369.953333333335
2020-12-28,30403.97
2020-12-29,30335.67
2020-12-30,30409.56
2020-12-31,30606.48
2021-01-01,30415.18
2021-01-02,30351.416666666668
2021-01-03,30287.653333333332
2021-01-04,30223.89
2021-01-05,30391.6
2021-01-06,30829.4
2021-01-07,31041.13
2021-01-08,31097.97
2021-01-09,31068.21
2021-01-10,31038.45
2021-01-11,31008.69
2021-01-12,31068.69
2021-01-13,31060.47
2021-01-14,30991.52
2021-01-15,30814.26
2021-01-16,30833.636666666665
2021-01-17,30853.013333333332
2021-01-18,30872.39
2021-01-19,30930.52
2021-01-20,31188.38
2021-01-21,31176.01
2021-01-22,30996.98
2021-01-23,30984.653333333332
2021-01-24,30972.326666666668
2021-01-25,30960.0
2021-01-26,30937.04
2021-01-27,30303.17
2021-01-28,30603.36
2021-01-29,29982.62
2021-01-30,30059.05
2021-01-31,30135.48
2021-02-01,30211.91
2021-02-02,30687.48
2021-02-03,30723.6
2021-02-04,31055.86
2021-02-05,31148.24
2021-02-06,31227.413333333334
2021-02-07,31306.586666666666
2021-02-08,31385.76
2021-02-09,31375.83
2021-02-10,31437.8
2021-02-11,31430.7
2021-02-12,31458.4
2021-02-13,31469.126666666667
2021-02-14,31479.853333333336
2021-02-15,31490.58
2021-02-16,31522.75
2021-02-17,31613.02
2021-02-18,31493.34
2021-02-19,31494.32
2021-02-20,31503.443333333333
2021-02-21,31512.566666666666
2021-02-22,31521.69
2021-02-23,31537.35
2021-02-24,31961.86
2021-02-25,31402.01
2021-02-26,30932.37
2021-02-27,31133.416666666664
2021-02-28,31334.463333333333
2021-03-01,31535.51
2021-03-02,31391.52
2021-03-03,31270.09
2021-03-04,30924.14
2021-03-05,31496.3
2021-03-06,31598.346666666665
2021-03-07,31700.393333333333
2021-03-08,31802.44
2021-03-09,31832.74
2021-03-10,32297.02
2021-03-11,32485.59
2021-03-12,32778.64
2021-03-13,32836.91333333333
2021-03-14,32895.18666666667
2021-03-15,32953.46
2021-03-16,32825.95
2021-03-17,33015.37
2021-03-18,32862.3
2021-03-19,32627.97
2021-03-20,32662.38
2021-03-21,32696.79
2021-03-22,32731.2
2021-03-23,32423.15
2021-03-24,32420.06
2021-03-25,32619.48
2021-03-26,33072.88
2021-03-27,33105.71
2021-03-28,33138.54
2021-03-29,33171.37
2021-03-30,33066.96
2021-03-31,32981.55
2021-04-01,33153.21
2021-04-02,33340.2
2021-04-03,33402.53
2021-04-04,33464.86
2021-04-05,33527.19
2021-04-06,33430.24
2021-04-07,33446.26
2021-04-08,33503.57
2021-04-09,33800.6
2021-04-10,33782.2
2021-04-11,33763.8
2021-04-12,33745.4
2021-04-13,33677.27
2021-04-14,33730.89
2021-04-15,34035.99
2021-04-16,34200.67
2021-04-17,34159.65666666666
2021-04-18,34118.64333333333
2021-04-19,34077.63
2021-04-20,33821.3
2021-04-21,34137.31
2021-04-22,33815.9
2021-04-23,34043.49
2021-04-24,34022.85
2021-04-25,34002.21
2021-04-26,33981.57
2021-04-27,33984.93
2021-04-28,33820.38
2021-04-29,34060.36
2021-04-30,33874.85
2021-05-01,33954.31
2021-05-02,34033.770000000004
2021-05-03,34113.23
2021-05-04,34133.03
2021-05-05,34230.34
2021-05-06,34548.53
2021-05-07,34777.76
2021-05-08,34766.113333333335
2021-05-09,34754.46666666667
2021-05-10,34742.82
2021-05-11,34269.16
2021-05-12,33587.66
2021-05-13,34021.45
2021-05-14,34382.13
2021-05-15,34364.01666666666
2021-05-16,34345.903333333335
2021-05-17,34327.79
2021-05-18,34060.66
2021-05-19,33896.04
2021-05-20,34084.15
2021-05-21,34207.84
2021-05-22,34269.886666666665
2021-05-23,34331.933333333334
2021-05-24,34393.98
2021-05-25,34312.46
2021-05-26,34323.05
2021-05-27,34464.64
2021-05-28,34529.45
2021-05-29,34537.09333333333
2021-05-30,34544.736666666664
2021-05-31,34552.38
2021-06-01,34575.31
2021-06-02,34600.38
2021-06-03,34577.04
2021-06-04,34756.39
2021-06-05,34714.34
2021-06-06,34672.29
2021-06-07,34630.24
2021-06-08,34599.82
2021-06-09,34447.14
2021-06-10,34466.24
2021-06-11,34479.6
2021-06-12,34450.98333333333
2021-06-13,34422.36666666667
2021-06-14,34393.75
2021-06-15,34299.33
2021-06-16,34033.67
2021-06-17,33823.45
2021-06-18,33290.08
2021-06-19,33485.71
2021-06-20,33681.340000000004
2021-06-21,33876.97
2021-06-22,33945.58
2021-06-23,33874.24
2021-06-24,34196.82
2021-06-25,34433.84
2021-06-26,34383.649999999994
2021-06-27,34333.46
2021-06-28,34283.27
2021-06-29,34292.29
2021-06-30,34502.51
2021-07-01,34633.53
2021-07-02,34786.35
2021-07-03,34751.52
2021-07-04,34716.69
2021-07-05,34681.86
2021-07-06,34577.37
2021-07-07,34681.79
2021-07-08,34421.93
2021-07-09,34870.16
2021-07-10,34912.16666666667
2021-07-11,34954.17333333333
2021-07-12,34996.18
2021-07-13,34888.79
2021-07-14,34933.23
2021-07-15,34987.02
2021-07-16,34687.85
2021-07-17,34445.91333333333
2021-07-18,34203.97666666667
2021-07-19,33962.04
2021-07-20,34511.99
2021-07-21,34798.0
2021-07-22,34823.35
2021-07-23,35061.55
2021-07-24,35089.136666666665
2021-07-25,35116.723333333335
2021-07-26,35144.31
2021-07-27,35058.52
2021-07-28,34930.93
2021-07-29,35084.53
2021-07-30,34935.47
2021-07-31,34903.03333333333
2021-08-01,34870.59666666667
2021-08-02,34838.16
2021-08-03,35116.4
2021-08-04,34792.67
2021-08-05,35064.25
2021-08-06,35208.51
2021-08-07,35172.956666666665
2021-08-08,35137.403333333335
2021-08-09,35101.85
2021-08-10,35264.67
2021-08-11,35484.97
2021-08-12,35499.85
2021-08-13,35515.38
2021-08-14,35552.05333333333
2021-08-15,35588.72666666667
2021-08-16,35625.4
2021-08-17,35343.28
2021-08-18,34960.69
2021-08-19,34894.12
2021-08-20,35120.08
2021-08-21,35191.956666666665
2021-08-22,35263.833333333336
2021-08-23,35335.71
2021-08-24,35366.26
2021-08-25,35405.5
2021-08-26,35213.12
2021-08-27,35455.8
2021-08-28,35437.14666666667
2021-08-29,35418.49333333333
2021-08-30,35399.84
2021-08-31,35360.73
2021-09-01,35312.53
2021-09-02,35443.82
2021-09-03,35369.09
2021-09-04,35324.24
2021-09-05,35279.39
2021-09-06,35234.54
2021-09-07,35100.0
2021-09-08,35031.07
2021-09-09,34879.38
2021-09-10,34607.72
2021-09-11,34695.02333333333
2021-09-12,34782.32666666667
2021-09-13,34869.63
2021-09-14,34577.57
2021-09-15,34814.39
2021-09-16,34751.32
2021-09-17,34584.88
2021-09-18,34380.07666666667
2021-09-19,34175.27333333333
2021-09-20,33970.47
2021-09-21,33919.84
2021-09-22,34258.32
2021-09-23,34764.82
2021-09-24,34798.0
2021-09-25,34821.79
2021-09-26,34845.58
2021-09-27,34869.37
2021-09-28,34299.99
2021-09-29,34390.72
2021-09-30,33843.92
2021-10-01,34326.46
2021-10-02,34218.613333333335
2021-10-03,34110.76666666666
2021-10-04,34002.92
2021-10-05,34314.67
2021-10-06,34416.99
2021-10-07,34754.94
2021-10-08,34746.25
2021-10-09,34662.85333333333
2021-10-10,34579.456666666665
2021-10-11,34496.06
2021-10-12,34378.34
2021-10-13,34377.81
2021-10-14,34912.56
2021-10-15,35294.76
2021-10-16,35282.71
2021-10-17,35270.66
2021-10-18,35258.61
2021-10-19,35457.31
2021-10-20,35609.34
2021-10-21,35603.08
2021-10-22,35677.02
2021-10-23,35698.39666666667
2021-10-24,35719.77333333333
2021-10-25,35741.15
2021-10-26,35756.88
2021-10-27,35490.69
2021-10-28,35730.48
2021-10-29,35819.56
2021-10-30,35850.986666666664
2021-10-31,35882.41333333333
2021-11-01,35913.84
2021-11-02,36052.63
2021-11-03,36157.58
2021-11-04,36124.23
2021-11-05,36327.95
2021-11-06,36362.706666666665
2021-11-07,36397.46333333333
2021-11-08,36432.22
2021-11-09,36319.98
2021-11-10,36079.94
2021-11-11,35921.23
2021-11-12,36100.31
2021-11-13,36096.02333333333
2021-11-14,36091.736666666664
2021-11-15,36087.45
2021-11-16,36142.22
2021-11-17,35931.05
2021-11-18,35870.95
2021-11-19,35601.98
2021-11-20,35607.73666666667
2021-11-21,35613.49333333333
2021-11-22,35619.25
2021-11-23,35813.8
2021-11-24,35804.38
2021-11-25,35351.86
2021-11-26,34899.34
2021-11-27,34978.206666666665
2021-11-28,35057.073333333334
2021-11-29,35135.94
2021-11-30,34483.72
2021-12-01,34022.04
2021-12-02,34639.79
2021-12-03,34580.08
2021-12-04,34795.73
2021-12-05,35011.38
2021-12-06,35227.03
2021-12-07,35719.43
2021-12-08,35754.75
2021-12-09,35754.69
2021-12-10,35970.99
2021-12-11,35864.31
2021-12-12,35757.63
2021-12-13,35650.95
2021-12-14,35544.18
2021-12-15,35927.43
2021-12-16,35897.64
2021-12-17,35365.44
2021-12-18,35221.013333333336
2021-12-19,35076.58666666667
2021-12-20,34932.16
2021-12-21,35492.7
2021-12-22,35753.89
2021-12-23,35950.56
2021-12-24,36126.47
2021-12-25,36185.10666666667
2021-12-26,36243.74333333333
2021-12-27,36302.38
2021-12-28,36398.21
2021-12-29,36488.63
2021-12-30,36398.08
2021-12-31,36338.3
2022-01-01,36420.55333333334
2022-01-02,36502.806666666664
2022-01-03,36585.06
2022-01-04,36799.65
2022-01-05,36407.11
2022-01-06,36236.47
2022-01-07,36231.66
2022-01-08,36177.39666666667
2022-01-09,36123.13333333334
2022-01-10,36068.87
2022-01-11,36252.02
2022-01-12,36290.32
2022-01-13,36113.62
2022-01-14,35911.81
2022-01-15,35821.253333333334
2022-01-16,35730.69666666666
2022-01-17,35640.14
2022-01-18,35368.47
2022-01-19,35028.65
2022-01-20,34715.39
2022-01-21,34265.37
2022-01-22,34298.41333333334
2022-01-23,34331.456666666665
2022-01-24,34364.5
2022-01-25,34297.73
2022-01-26,34168.09
2022-01-27,34160.78
2022-01-28,34725.47
2022-01-29,34860.933333333334
2022-01-30,34996.39666666667
2022-01-31,35131.86
2022-02-01,35405.24
2022-02-02,35629.33
2022-02-03,35111.16
2022-02-04,35089.74
2022-02-05,35090.20333333333
2022-02-06,35090.666666666664
2022-02-07,35091.13
2022-02-08,35462.78
2022-02-09,35768.06
2022-02-10,35241.59
2022-02-11,34738.06
2022-02-12,34680.76333333333
2022-02-13,34623.46666666667
2022-02-14,34566.17
2022-02-15,34988.84
2022-02-16,34934.27
2022-02-17,34312.03
2022-02-18,34079.18
2022-02-19,33998.753333333334
2022-02-20,33918.32666666667
2022-02-21,33837.9
2022-02-22,33596.61
2022-02-23,33131.76
2022-02-24,33223.83
2022-02-25,34058.75
2022-02-26,34003.36666666667
2022-02-27,33947.98333333333
2022-02-28,33892.6
2022-03-01,33294.95
2022-03-02,33891.35
2022-03-03,33794.66
2022-03-04,33614.8
2022-03-05,33348.99333333333
2022-03-06,33083.18666666667
2022-03-07,32817.38
2022-03-08,32632.64
2022-03-09,33286.25
2022-03-10,33174.07
2022-03-11,32944.19
2022-03-12,32944.54
2022-03-13,32944.89
2022-03-14,32945.24
2022-03-15,33544.34
2022-03-16,34063.1
2022-03-17,34480.76
2022-03-18,34754.93
2022-03-19,34687.61666666667
2022-03-20,34620.30333333333
2022-03-21,34552.99
2022-03-22,34807.46
2022-03-23,34358.5
2022-03-24,34707.94
2022-03-25,34861.24
2022-03-26,34892.79
2022-03-27,34924.34
2022-03-28,34955.89
2022-03-29,35294.19
2022-03-30,35228.81
2022-03-31,34678.35
2022-04-01,34818.27
2022-04-02,34852.806666666664
2022-04-03,34887.34333333333
2022-04-04,34921.88
2022-04-05,34641.18
2022-04-06,34496.51
2022-04-07,34583.57
2022-04-08,34721.12
2022-04-09,34583.44
2022-04-10,34445.76
2022-04-11,34308.08
2022-04-12,34220.36
2022-04-13,34564.59
2022-04-14,34451.23
2022-04-15,34431.46
2022-04-16,34424.87
2022-04-17,34418.28
2022-04-18,34411.69
2022-04-19,34911.2
2022-04-20,35160.79
2022-04-21,34792.76
2022-04-22,33811.4
2022-04-23,33890.753333333334
2022-04-24,33970.10666666667
2022-04-25,34049.46
2022-04-26,33240.18
2022-04-27,33301.93
2022-04-28,33916.39
2022-04-29,32977.21
2022-04-30,33005.306666666664
2022-05-01,33033.403333333335
2022-05-02,33061.5
2022-05-03,33128.79
2022-05-04,34061.06
2022-05-05,32997.97
2022-05-06,32899.37
2022-05-07,32681.480000000003
2022-05-08,32463.59
2022-05-09,32245.7
2022-05-10,32160.74
2022-05-11,31834.11
2022-05-12,31730.3
2022-05-13,32196.66
2022-05-14,32205.579999999998
2022-05-15,32214.5
2022-05-16,32223.42
2022-05-17,32654.59
2022-05-18,31490.07
2022-05-19,31253.13
2022-05-20,31261.9
2022-05-21,31468.013333333336
2022-05-22,31674.126666666667
2022-05-23,31880.24
2022-05-24,31928.62
2022-05-25,32120.28
2022-05-26,32637.19
2022-05-27,33212.96
2022-05-28,33175.82
2022-05-29,33138.68
2022-05-30,33101.54
2022-05-31,32990.12
2022-06-01,32813.23
2022-06-02,33248.28
2022-06-03,32899.7
2022-06-04,32905.06
2022-06-05,32910.42
2022-06-06,32915.78
2022-06-07,33180.14
2022-06-08,32910.9
2022-06-09,32272.79
2022-06-10,31392.79
2022-06-11,31100.773333333334
2022-06-12,30808.756666666668
2022-06-13,30516.74
2022-06-14,30364.83
2022-06-15,30668.53
2022-06-16,29927.07
2022-06-17,29888.78
2022-06-18,29995.69
2022-06-19,30102.6
2022-06-20,30209.51
2022-06-21,30530.25
2022-06-22,30483.13
2022-06-23,30677.36
2022-06-24,31500.68
2022-06-25,31479.873333333333
2022-06-26,31459.066666666666
2022-06-27,31438.26
2022-06-28,30946.99
2022-06-29,31029.31
2022-06-30,30775.43
2022-07-01,31097.26
2022-07-02,31075.686666666665
2022-07-03,31054.113333333335
2022-07-04,31032.54
2022-07-05,30967.82
2022-07-06,31037.68
2022-07-07,31384.55
2022-07-08,31338.15
2022-07-09,31283.38
2022-07-10,31228.61
2022-07-11,31173.84
2022-07-12,30981.33
2022-07-13,30772.79
2022-07-14,30630.17
2022-07-15,31288.26
2022-07-16,31216.376666666667
2022-07-17,31144.493333333332
2022-07-18,31072.61
2022-07-19,31827.05
2022-07-20,31874.84
2022-07-21,32036.9
2022-07-22,31899.29
2022-07-23,31929.54
2022-07-24,31959.79
2022-07-25,31990.04
2022-07-26,31761.54
2022-07-27,32197.59
2022-07-28,32529.63
2022-07-29,32845.13
2022-07-30,32829.55333333333
2022-07-31,32813.97666666667
2022-08-01,32798.4
2022-08-02,32396.17
2022-08-03,32812.5
2022-08-04,32726.82
2022-08-05,32803.47
2022-08-06,32813.16
2022-08-07,32822.85
2022-08-08,32832.54
2022-08-09,32774.41
2022-08-10,33309.51
2022-08-11,33336.67
2022-08-12,33761.05
2022-08-13,33811.513333333336
2022-08-14,33861.97666666667
2022-08-15,33912.44
2022-08-16,34152.01
2022-08-17,33980.32
2022-08-18,33999.04
2022-08-19,33706.74
2022-08-20,33492.363333333335
2022-08-21,33277.986666666664
2022-08-22,33063.61
2022-08-23,32909.59
2022-08-24,32969.23
2022-08-25,33291.78
2022-08-26,32283.4
2022-08-27,32221.93
2022-08-28,32160.460000000003
2022-08-29,32098.99
2022-08-30,31790.87
2022-08-31,31510.43
2022-09-01,31656.42
2022-09-02,31318.44
2022-09-03,31289.583333333332
2022-09-04,31260.726666666666
2022-09-05,31231.87
2022-09-06,31145.3
2022-09-07,31581.28
2022-09-08,31774.52
2022-09-09,32151.71
2022-09-10,32228.253333333334
2022-09-11,32304.796666666665
2022-09-12,32381.34
2022-09-13,31104.97
2022-09-14,31135.09
2022-09-15,30961.82
2022-09-16,30822.42
2022-09-17,30888.173333333332
2022-09-18,30953.926666666666
2022-09-19,31019.68
2022-09-20,30706.23
2022-09-21,30183.78
2022-09-22,30076.68
2022-09-23,29590.41
2022-09-24,29480.543333333335
2022-09-25,29370.676666666666
2022-09-26,29260.81
2022-09-27,29134.99
2022-09-28,29683.74
2022-09-29,29225.61
2022-09-30,28725.51
2022-10-01,28980.636666666665
2022-10-02,29235.763333333332
2022-10-03,29490.89
2022-10-04,30316.32
2022-10-05,30273.87
2022-10-06,29926.94
2022-10-07,29296.79
2022-10-08,29265.486666666668
2022-10-09,29234.183333333334
2022-10-10,29202.88
2022-10-11,29239.19
2022-10-12,29210.85
2022-10-13,30038.72
2022-10-14,29634.83
2022-10-15,29818.493333333336
2022-10-16,30002.156666666666
2022-10-17,30185.82
2022-10-18,30523.8
2022-10-19,30423.81
2022-10-20,30333.59
2022-10-21,31082.56
2022-10-22,31221.58
2022-10-23,31360.6
2022-10-24,31499.62
2022-10-25,31836.74
2022-10-26,31839.11
2022-10-27,32033.28
2022-10-28,32861.8
2022-10-29,32818.850000000006
2022-10-30,32775.9
2022-10-31,32732.95
2022-11-01,32653.2
2022-11-02,32147.76
2022-11-03,32001.25
2022-11-04,32403.22
2022-11-05,32544.48
2022-11-06,32685.74
2022-11-07,32827.0
2022-11-08,33160.83
2022-11-09,32513.94
2022-11-10,33715.37
2022-11-11,33747.86
2022-11-12,33677.473333333335
2022-11-13,33607.08666666666
2022-11-14,33536.7
2022-11-15,33592.92
2022-11-16,33553.83
2022-11-17,33546.32
2022-11-18,33745.69
2022-11-19,33730.55333333334
2022-11-20,33715.416666666664
2022-11-21,33700.28
2022-11-22,34098.1
2022-11-23,34194.06
2022-11-24,34270.54
2022-11-25,34347.03
2022-11-26,34181.17333333333
2022-11-27,34015.316666666666
2022-11-28,33849.46
2022-11-29,33852.53
2022-11-30,34589.77
2022-12-01,34395.01
2022-12-02,34429.88
2022-12-03,34268.95333333333
2022-12-04,34108.026666666665
2022-12-05,33947.1
2022-12-06,33596.34
2022-12-07,33597.92
2022-12-08,33781.48
2022-12-09,33476.46
2022-12-10,33652.653333333335
2022-12-11,33828.846666666665
2022-12-12,34005.04
2022-12-13,34108.64
2022-12-14,33966.35
2022-12-15,33202.22
2022-12-16,32920.46
2022-12-17,32866.153333333335
2022-12-18,32811.846666666665
2022-12-19,32757.54
2022-12-20,32849.74
2022-12-21,33376.48
2022-12-22,33027.49
2022-12-23,33203.93
2022-12-24,33210.2
2022-12-25,33216.47
2022-12-26,33222.74
2022-12-27,33241.56
2022-12-28,32875.71
2022-12-29,33220.8
2022-12-30,33147.25
2022-12-31,33145.43666666667
2023-01-01,33143.62333333333
2023-01-02,33141.81
2023-01-03,33136.37
2023-01-04,33269.77
2023-01-05,32930.08
2023-01-06,33630.61
2023-01-07,33592.956666666665
2023-01-08,33555.30333333334
2023-01-09,33517.65
2023-01-10,33704.1
2023-01-11,33973.01
2023-01-12,34189.97
2023-01-13,34302.61
2023-01-14,34237.316666666666
2023-01-15,34172.02333333334
2023-01-16,34106.73
2023-01-17,33910.85
2023-01-18,33296.96
2023-01-19,33044.56
2023-01-20,33375.49
2023-01-21,33460.18
2023-01-22,33544.869999999995
2023-01-23,33629.56
2023-01-24,33733.96
2023-01-25,33743.84
2023-01-26,33949.41
2023-01-27,33978.08
2023-01-28,33891.083333333336
2023-01-29,33804.08666666666
2023-01-30,33717.09
2023-01-31,34086.04
2023-02-01,34092.96
2023-02-02,34053.94
2023-02-03,33926.01
2023-02-04,33914.346666666665
2023-02-05,33902.683333333334
2023-02-06,33891.02
2023-02-07,34156.69
2023-02-08,33949.01
2023-02-09,33699.88
2023-02-10,33869.27
2023-02-11,33994.823333333334
2023-02-12,34120.37666666666
2023-02-13,34245.93
2023-02-14,34089.27
2023-02-15,34128.05
2023-02-16,33696.85
2023-02-17,33826.69
2023-02-18,33710.50666666667
2023-02-19,33594.323333333334
2023-02-20,33478.14
2023-02-21,33129.59
2023-02-22,33045.09
2023-02-23,33153.91
2023-02-24,32816.92
2023-02-25,32840.97666666666
2023-02-26,32865.03333333333
2023-02-27,32889.09
2023-02-28,32656.7
2023-03-01,32661.84
2023-03-02,33003.57
2023-03-03,33390.97
2023-03-04,33404.46
2023-03-05,33417.950000000004
2023-03-06,33431.44
2023-03-07,32856.46
2023-03-08,32798.4
2023-03-09,32254.86
2023-03-10,31909.64
2023-03-11,31879.47333333333
2023-03-12,31849.306666666667
2023-03-13,31819.14
2023-03-14,32155.4
2023-03-15,31874.57
2023-03-16,32246.55
2023-03-17,31861.98
2023-03-18,31989.513333333332
2023-03-19,32117.04666666667
2023-03-20,32244.58
2023-03-21,32560.6
2023-03-22,32030.11
2023-03-23,32105.25
2023-03-24,32237.53
2023-03-25,32302.38
2023-03-26,32367.23
2023-03-27,32432.08
2023-03-28,32394.25
2023-03-29,32717.6
2023-03-30,32859.03
2023-03-31,33274.15
2023-04-01,33383.15
2023-04-02,33492.15
2023-04-03,33601.15
2023-04-04,33402.38
2023-04-05,33482.72
2023-04-06,33485.29
2023-04-07,33535.9
2023-04-08,33552.77333333333
2023-04-09,33569.64666666667
2023-04-10,33586.52
2023-04-11,33684.79
2023-04-12,33646.5
2023-04-13,34029.69
2023-04-14,33886.47
2023-04-15,33920.04
2023-04-16,33953.61
2023-04-17,33987.18
2023-04-18,33976.63
2023-04-19,33897.01
2023-04-20,33786.62
2023-04-21,33808.96
2023-04-22,33831.10666666667
2023-04-23,33853.253333333334
2023-04-24,33875.4
2023-04-25,33530.83
2023-04-26,33301.87
2023-04-27,33826.16
2023-04-28,34098.16
2023-04-29,34082.67333333333
2023-04-30,34067.18666666667
2023-05-01,34051.7
2023-05-02,33684.53
2023-05-03,33414.24
2023-05-04,33127.74
2023-05-05,33674.38
2023-05-06,33655.816666666666
2023-05-07,33637.253333333334
2023-05-08,33618.69
2023-05-09,33561.81
2023-05-10,33531.33
2023-05-11,33309.51
2023-05-12,33300.62
2023-05-13,33316.613333333335
2023-05-14,33332.60666666667
2023-05-15,33348.6
2023-05-16,33012.14
2023-05-17,33420.77
2023-05-18,33535.91
2023-05-19,33426.63
2023-05-20,33379.94666666666
2023-05-21,33333.263333333336
2023-05-22,33286.58
2023-05-23,33055.51
2023-05-24,32799.92
2023-05-25,32764.65
2023-05-26,33093.34
2023-05-27,33084.91333333333
2023-05-28,33076.486666666664
2023-05-29,33068.06
2023-05-30,33042.78
2023-05-31,32908.27
2023-06-01,33061.57
2023-06-02,33762.76
2023-06-03,33696.12666666667
2023-06-04,33629.49333333333
2023-06-05,33562.86
2023-06-06,33573.28
2023-06-07,33665.02
2023-06-08,33833.61
2023-06-09,33876.78
2023-06-10,33939.96333333333
2023-06-11,34003.14666666667
2023-06-12,34066.33
2023-06-13,34212.12
2023-06-14,33979.33
2023-06-15,34408.06
2023-06-16,34299.12
2023-06-17,34258.246666666666
2023-06-18,34217.37333333334
2023-06-19,34176.5
2023-06-20,34053.87
2023-06-21,33951.52
2023-06-22,33946.71
2023-06-23,33727.43
2023-06-24,33723.19
2023-06-25,33718.95
2023-06-26,33714.71
2023-06-27,33926.74
2023-06-28,33852.66
2023-06-29,34122.42
2023-06-30,34407.6
2023-07-01,34411.223333333335
2023-07-02,34414.846666666665
2023-07-03,34418.47
2023-07-04,34353.56
2023-07-05,34288.64
2023-07-06,33922.26
2023-07-07,33734.88
2023-07-08,33804.72
2023-07-09,33874.56
2023-07-10,33944.4
2023-07-11,34261.42
2023-07-12,34347.43
2023-07-13,34395.14
2023-07-14,34509.03
2023-07-15,34534.47
2023-07-16,34559.909999999996
2023-07-17,34585.35
2023-07-18,34951.93
2023-07-19,35061.21
2023-07-20,35225.18
2023-07-21,35227.69
2023-07-22,35288.87333333334
2023-07-23,35350.056666666664
2023-07-24,35411.24
2023-07-25,35438.07
2023-07-26,35520.12
2023-07-27,35282.72
2023-07-28,35459.29
2023-07-29,35492.70333333333
2023-07-30,35526.11666666667
2023-07-31,35559.53
2023-08-01,35630.68
2023-08-02,35282.52
2023-08-03,35215.89
2023-08-04,35065.62
2023-08-05,35201.456666666665
2023-08-06,35337.293333333335
2023-08-07,35473.13
2023-08-08,35314.49
2023-08-09,35123.36
2023-08-10,35176.15
2023-08-11,35281.4
2023-08-12,35290.14333333333
2023-08-13,35298.886666666665
2023-08-14,35307.63
2023-08-15,34946.39
2023-08-16,34765.74
2023-08-17,34474.83
2023-08-18,34500.66
2023-08-19,34488.33666666667
2023-08-20,34476.013333333336
2023-08-21,34463.69
2023-08-22,34288.83
2023-08-23,34472.98
2023-08-24,34099.42
2023-08-25,34346.9
2023-08-26,34417.926666666666
2023-08-27,34488.95333333334
2023-08-28,34559.98
2023-08-29,34852.67
2023-08-30,34890.24
2023-08-31,34721.91
2023-09-01,34837.71
2023-09-02,34805.08666666666
2023-09-03,34772.46333333333
2023-09-04,34739.84
2023-09-05,34641.97
2023-09-06,34443.19
2023-09-07,34500.73
2023-09-08,34576.59
2023-09-09,34605.63333333333
2023-09-10,34634.676666666666
2023-09-11,34663.72
2023-09-12,34645.99
2023-09-13,34575.53
2023-09-14,34907.11
2023-09-15,34618.24
2023-09-16,34620.26
2023-09-17,34622.28
2023-09-18,34624.3
2023-09-19,34517.73
2023-09-20,34440.88
2023-09-21,34070.42
2023-09-22,33963.84
2023-09-23,33978.18666666666
2023-09-24,33992.53333333333
2023-09-25,34006.88
2023-09-26,33618.88
2023-09-27,33550.27
2023-09-28,33666.34
2023-09-29,33507.5
2023-09-30,33482.78333333333
2023-10-01,33458.066666666666
2023-10-02,33433.35
2023-10-03,33002.38
2023-10-04,33129.55
2023-10-05,33119.57
2023-10-06,33407.58
2023-10-07,33473.270000000004
2023-10-08,33538.96
2023-10-09,33604.65
2023-10-10,33739.3
2023-10-11,33804.87
2023-10-12,33631.14
2023-10-13,33670.29
2023-10-14,33775.04
2023-10-15,33879.79
2023-10-16,33984.54
2023-10-17,33997.65
2023-10-18,33665.08
2023-10-19,33414.17
2023-10-20,33127.28
2023-10-21,33063.65666666667
2023-10-22,33000.03333333333
2023-10-23,32936.41
2023-10-24,33141.38
2023-10-25,33035.93
2023-10-26,32784.3
2023-10-27,32417.59
2023-10-28,32588.046666666665
2023-10-29,32758.503333333334
2023-10-30,32928.96
2023-10-31,33052.87
2023-11-01,33274.58
2023-11-02,33839.08
2023-11-03,34061.32
2023-11-04,34072.833333333336
2023-11-05,34084.346666666665
2023-11-06,34095.86
2023-11-07,34152.6
2023-11-08,34112.27
