Date,real_interest_rate_10Y
2013-10-01,0.49296942
2013-10-02,0.49296942
2013-10-03,0.49296942
2013-10-04,0.49296942
2013-10-05,0.49296942
2013-10-06,0.49296942
2013-10-07,0.49296942
2013-10-08,0.49296942
2013-10-09,0.49296942
2013-10-10,0.49296942
2013-10-11,0.49296942
2013-10-12,0.49296942
2013-10-13,0.49296942
2013-10-14,0.49296942
2013-10-15,0.49296942
2013-10-16,0.49296942
2013-10-17,0.49296942
2013-10-18,0.49296942
2013-10-19,0.49296942
2013-10-20,0.49296942
2013-10-21,0.49296942
2013-10-22,0.49296942
2013-10-23,0.49296942
2013-10-24,0.49296942
2013-10-25,0.49296942
2013-10-26,0.49296942
2013-10-27,0.49296942
2013-10-28,0.49296942
2013-10-29,0.49296942
2013-10-30,0.49296942
2013-10-31,0.49296942
2013-11-01,0.48963774
2013-11-02,0.48963774
2013-11-03,0.48963774
2013-11-04,0.48963774
2013-11-05,0.48963774
2013-11-06,0.48963774
2013-11-07,0.48963774
2013-11-08,0.48963774
2013-11-09,0.48963774
2013-11-10,0.48963774
2013-11-11,0.48963774
2013-11-12,0.48963774
2013-11-13,0.48963774
2013-11-14,0.48963774
2013-11-15,0.48963774
2013-11-16,0.48963774
2013-11-17,0.48963774
2013-11-18,0.48963774
2013-11-19,0.48963774
2013-11-20,0.48963774
2013-11-21,0.48963774
2013-11-22,0.48963774
2013-11-23,0.48963774
2013-11-24,0.48963774
2013-11-25,0.48963774
2013-11-26,0.48963774
2013-11-27,0.48963774
2013-11-28,0.48963774
2013-11-29,0.48963774
2013-11-30,0.48963774
2013-12-01,0.41829993
2013-12-02,0.41829993
2013-12-03,0.41829993
2013-12-04,0.41829993
2013-12-05,0.41829993
2013-12-06,0.41829993
2013-12-07,0.41829993
2013-12-08,0.41829993
2013-12-09,0.41829993
2013-12-10,0.41829993
2013-12-11,0.41829993
2013-12-12,0.41829993
2013-12-13,0.41829993
2013-12-14,0.41829993
2013-12-15,0.41829993
2013-12-16,0.41829993
2013-12-17,0.41829993
2013-12-18,0.41829993
2013-12-19,0.41829993
2013-12-20,0.41829993
2013-12-21,0.41829993
2013-12-22,0.41829993
2013-12-23,0.41829993
2013-12-24,0.41829993
2013-12-25,0.41829993
2013-12-26,0.41829993
2013-12-27,0.41829993
2013-12-28,0.41829993
2013-12-29,0.41829993
2013-12-30,0.41829993
2013-12-31,0.41829993
2014-01-01,0.68063671
2014-01-02,0.68063671
2014-01-03,0.68063671
2014-01-04,0.68063671
2014-01-05,0.68063671
2014-01-06,0.68063671
2014-01-07,0.68063671
2014-01-08,0.68063671
2014-01-09,0.68063671
2014-01-10,0.68063671
2014-01-11,0.68063671
2014-01-12,0.68063671
2014-01-13,0.68063671
2014-01-14,0.68063671
2014-01-15,0.68063671
2014-01-16,0.68063671
2014-01-17,0.68063671
2014-01-18,0.68063671
2014-01-19,0.68063671
2014-01-20,0.68063671
2014-01-21,0.68063671
2014-01-22,0.68063671
2014-01-23,0.68063671
2014-01-24,0.68063671
2014-01-25,0.68063671
2014-01-26,0.68063671
2014-01-27,0.68063671
2014-01-28,0.68063671
2014-01-29,0.68063671
2014-01-30,0.68063671
2014-01-31,0.68063671
2014-02-01,0.50867731
2014-02-02,0.50867731
2014-02-03,0.50867731
2014-02-04,0.50867731
2014-02-05,0.50867731
2014-02-06,0.50867731
2014-02-07,0.50867731
2014-02-08,0.50867731
2014-02-09,0.50867731
2014-02-10,0.50867731
2014-02-11,0.50867731
2014-02-12,0.50867731
2014-02-13,0.50867731
2014-02-14,0.50867731
2014-02-15,0.50867731
2014-02-16,0.50867731
2014-02-17,0.50867731
2014-02-18,0.50867731
2014-02-19,0.50867731
2014-02-20,0.50867731
2014-02-21,0.50867731
2014-02-22,0.50867731
2014-02-23,0.50867731
2014-02-24,0.50867731
2014-02-25,0.50867731
2014-02-26,0.50867731
2014-02-27,0.50867731
2014-02-28,0.50867731
2014-03-01,0.58045318
2014-03-02,0.58045318
2014-03-03,0.58045318
2014-03-04,0.58045318
2014-03-05,0.58045318
2014-03-06,0.58045318
2014-03-07,0.58045318
2014-03-08,0.58045318
2014-03-09,0.58045318
2014-03-10,0.58045318
2014-03-11,0.58045318
2014-03-12,0.58045318
2014-03-13,0.58045318
2014-03-14,0.58045318
2014-03-15,0.58045318
2014-03-16,0.58045318
2014-03-17,0.58045318
2014-03-18,0.58045318
2014-03-19,0.58045318
2014-03-20,0.58045318
2014-03-21,0.58045318
2014-03-22,0.58045318
2014-03-23,0.58045318
2014-03-24,0.58045318
2014-03-25,0.58045318
2014-03-26,0.58045318
2014-03-27,0.58045318
2014-03-28,0.58045318
2014-03-29,0.58045318
2014-03-30,0.58045318
2014-03-31,0.58045318
2014-04-01,0.7022221
2014-04-02,0.7022221
2014-04-03,0.7022221
2014-04-04,0.7022221
2014-04-05,0.7022221
2014-04-06,0.7022221
2014-04-07,0.7022221
2014-04-08,0.7022221
2014-04-09,0.7022221
2014-04-10,0.7022221
2014-04-11,0.7022221
2014-04-12,0.7022221
2014-04-13,0.7022221
2014-04-14,0.7022221
2014-04-15,0.7022221
2014-04-16,0.7022221
2014-04-17,0.7022221
2014-04-18,0.7022221
2014-04-19,0.7022221
2014-04-20,0.7022221
2014-04-21,0.7022221
2014-04-22,0.7022221
2014-04-23,0.7022221
2014-04-24,0.7022221
2014-04-25,0.7022221
2014-04-26,0.7022221
2014-04-27,0.7022221
2014-04-28,0.7022221
2014-04-29,0.7022221
2014-04-30,0.7022221
2014-05-01,0.62685415
2014-05-02,0.62685415
2014-05-03,0.62685415
2014-05-04,0.62685415
2014-05-05,0.62685415
2014-05-06,0.62685415
2014-05-07,0.62685415
2014-05-08,0.62685415
2014-05-09,0.62685415
2014-05-10,0.62685415
2014-05-11,0.62685415
2014-05-12,0.62685415
2014-05-13,0.62685415
2014-05-14,0.62685415
2014-05-15,0.62685415
2014-05-16,0.62685415
2014-05-17,0.62685415
2014-05-18,0.62685415
2014-05-19,0.62685415
2014-05-20,0.62685415
2014-05-21,0.62685415
2014-05-22,0.62685415
2014-05-23,0.62685415
2014-05-24,0.62685415
2014-05-25,0.62685415
2014-05-26,0.62685415
2014-05-27,0.62685415
2014-05-28,0.62685415
2014-05-29,0.62685415
2014-05-30,0.62685415
2014-05-31,0.62685415
2014-06-01,0.62452944
2014-06-02,0.62452944
2014-06-03,0.62452944
2014-06-04,0.62452944
2014-06-05,0.62452944
2014-06-06,0.62452944
2014-06-07,0.62452944
2014-06-08,0.62452944
2014-06-09,0.62452944
2014-06-10,0.62452944
2014-06-11,0.62452944
2014-06-12,0.62452944
2014-06-13,0.62452944
2014-06-14,0.62452944
2014-06-15,0.62452944
2014-06-16,0.62452944
2014-06-17,0.62452944
2014-06-18,0.62452944
2014-06-19,0.62452944
2014-06-20,0.62452944
2014-06-21,0.62452944
2014-06-22,0.62452944
2014-06-23,0.62452944
2014-06-24,0.62452944
2014-06-25,0.62452944
2014-06-26,0.62452944
2014-06-27,0.62452944
2014-06-28,0.62452944
2014-06-29,0.62452944
2014-06-30,0.62452944
2014-07-01,0.59099495
2014-07-02,0.59099495
2014-07-03,0.59099495
2014-07-04,0.59099495
2014-07-05,0.59099495
2014-07-06,0.59099495
2014-07-07,0.59099495
2014-07-08,0.59099495
2014-07-09,0.59099495
2014-07-10,0.59099495
2014-07-11,0.59099495
2014-07-12,0.59099495
2014-07-13,0.59099495
2014-07-14,0.59099495
2014-07-15,0.59099495
2014-07-16,0.59099495
2014-07-17,0.59099495
2014-07-18,0.59099495
2014-07-19,0.59099495
2014-07-20,0.59099495
2014-07-21,0.59099495
2014-07-22,0.59099495
2014-07-23,0.59099495
2014-07-24,0.59099495
2014-07-25,0.59099495
2014-07-26,0.59099495
2014-07-27,0.59099495
2014-07-28,0.59099495
2014-07-29,0.59099495
2014-07-30,0.59099495
2014-07-31,0.59099495
2014-08-01,0.6494057
2014-08-02,0.6494057
2014-08-03,0.6494057
2014-08-04,0.6494057
2014-08-05,0.6494057
2014-08-06,0.6494057
2014-08-07,0.6494057
2014-08-08,0.6494057
2014-08-09,0.6494057
2014-08-10,0.6494057
2014-08-11,0.6494057
2014-08-12,0.6494057
2014-08-13,0.6494057
2014-08-14,0.6494057
2014-08-15,0.6494057
2014-08-16,0.6494057
2014-08-17,0.6494057
2014-08-18,0.6494057
2014-08-19,0.6494057
2014-08-20,0.6494057
2014-08-21,0.6494057
2014-08-22,0.6494057
2014-08-23,0.6494057
2014-08-24,0.6494057
2014-08-25,0.6494057
2014-08-26,0.6494057
2014-08-27,0.6494057
2014-08-28,0.6494057
2014-08-29,0.6494057
2014-08-30,0.6494057
2014-08-31,0.6494057
2014-09-01,0.58085993
2014-09-02,0.58085993
2014-09-03,0.58085993
2014-09-04,0.58085993
2014-09-05,0.58085993
2014-09-06,0.58085993
2014-09-07,0.58085993
2014-09-08,0.58085993
2014-09-09,0.58085993
2014-09-10,0.58085993
2014-09-11,0.58085993
2014-09-12,0.58085993
2014-09-13,0.58085993
2014-09-14,0.58085993
2014-09-15,0.58085993
2014-09-16,0.58085993
2014-09-17,0.58085993
2014-09-18,0.58085993
2014-09-19,0.58085993
2014-09-20,0.58085993
2014-09-21,0.58085993
2014-09-22,0.58085993
2014-09-23,0.58085993
2014-09-24,0.58085993
2014-09-25,0.58085993
2014-09-26,0.58085993
2014-09-27,0.58085993
2014-09-28,0.58085993
2014-09-29,0.58085993
2014-09-30,0.58085993
2014-10-01,0.7009647
2014-10-02,0.7009647
2014-10-03,0.7009647
2014-10-04,0.7009647
2014-10-05,0.7009647
2014-10-06,0.7009647
2014-10-07,0.7009647
2014-10-08,0.7009647
2014-10-09,0.7009647
2014-10-10,0.7009647
2014-10-11,0.7009647
2014-10-12,0.7009647
2014-10-13,0.7009647
2014-10-14,0.7009647
2014-10-15,0.7009647
2014-10-16,0.7009647
2014-10-17,0.7009647
2014-10-18,0.7009647
2014-10-19,0.7009647
2014-10-20,0.7009647
2014-10-21,0.7009647
2014-10-22,0.7009647
2014-10-23,0.7009647
2014-10-24,0.7009647
2014-10-25,0.7009647
2014-10-26,0.7009647
2014-10-27,0.7009647
2014-10-28,0.7009647
2014-10-29,0.7009647
2014-10-30,0.7009647
2014-10-31,0.7009647
2014-11-01,0.71330026
2014-11-02,0.71330026
2014-11-03,0.71330026
2014-11-04,0.71330026
2014-11-05,0.71330026
2014-11-06,0.71330026
2014-11-07,0.71330026
2014-11-08,0.71330026
2014-11-09,0.71330026
2014-11-10,0.71330026
2014-11-11,0.71330026
2014-11-12,0.71330026
2014-11-13,0.71330026
2014-11-14,0.71330026
2014-11-15,0.71330026
2014-11-16,0.71330026
2014-11-17,0.71330026
2014-11-18,0.71330026
2014-11-19,0.71330026
2014-11-20,0.71330026
2014-11-21,0.71330026
2014-11-22,0.71330026
2014-11-23,0.71330026
2014-11-24,0.71330026
2014-11-25,0.71330026
2014-11-26,0.71330026
2014-11-27,0.71330026
2014-11-28,0.71330026
2014-11-29,0.71330026
2014-11-30,0.71330026
2014-12-01,0.38472537
2014-12-02,0.38472537
2014-12-03,0.38472537
2014-12-04,0.38472537
2014-12-05,0.38472537
2014-12-06,0.38472537
2014-12-07,0.38472537
2014-12-08,0.38472537
2014-12-09,0.38472537
2014-12-10,0.38472537
2014-12-11,0.38472537
2014-12-12,0.38472537
2014-12-13,0.38472537
2014-12-14,0.38472537
2014-12-15,0.38472537
2014-12-16,0.38472537
2014-12-17,0.38472537
2014-12-18,0.38472537
2014-12-19,0.38472537
2014-12-20,0.38472537
2014-12-21,0.38472537
2014-12-22,0.38472537
2014-12-23,0.38472537
2014-12-24,0.38472537
2014-12-25,0.38472537
2014-12-26,0.38472537
2014-12-27,0.38472537
2014-12-28,0.38472537
2014-12-29,0.38472537
2014-12-30,0.38472537
2014-12-31,0.38472537
2015-01-01,0.7099428
2015-01-02,0.7099428
2015-01-03,0.7099428
2015-01-04,0.7099428
2015-01-05,0.7099428
2015-01-06,0.7099428
2015-01-07,0.7099428
2015-01-08,0.7099428
2015-01-09,0.7099428
2015-01-10,0.7099428
2015-01-11,0.7099428
2015-01-12,0.7099428
2015-01-13,0.7099428
2015-01-14,0.7099428
2015-01-15,0.7099428
2015-01-16,0.7099428
2015-01-17,0.7099428
2015-01-18,0.7099428
2015-01-19,0.7099428
2015-01-20,0.7099428
2015-01-21,0.7099428
2015-01-22,0.7099428
2015-01-23,0.7099428
2015-01-24,0.7099428
2015-01-25,0.7099428
2015-01-26,0.7099428
2015-01-27,0.7099428
2015-01-28,0.7099428
2015-01-29,0.7099428
2015-01-30,0.7099428
2015-01-31,0.7099428
2015-02-01,0.53838038
2015-02-02,0.53838038
2015-02-03,0.53838038
2015-02-04,0.53838038
2015-02-05,0.53838038
2015-02-06,0.53838038
2015-02-07,0.53838038
2015-02-08,0.53838038
2015-02-09,0.53838038
2015-02-10,0.53838038
2015-02-11,0.53838038
2015-02-12,0.53838038
2015-02-13,0.53838038
2015-02-14,0.53838038
2015-02-15,0.53838038
2015-02-16,0.53838038
2015-02-17,0.53838038
2015-02-18,0.53838038
2015-02-19,0.53838038
2015-02-20,0.53838038
2015-02-21,0.53838038
2015-02-22,0.53838038
2015-02-23,0.53838038
2015-02-24,0.53838038
2015-02-25,0.53838038
2015-02-26,0.53838038
2015-02-27,0.53838038
2015-02-28,0.53838038
2015-03-01,0.75170542
2015-03-02,0.75170542
2015-03-03,0.75170542
2015-03-04,0.75170542
2015-03-05,0.75170542
2015-03-06,0.75170542
2015-03-07,0.75170542
2015-03-08,0.75170542
2015-03-09,0.75170542
2015-03-10,0.75170542
2015-03-11,0.75170542
2015-03-12,0.75170542
2015-03-13,0.75170542
2015-03-14,0.75170542
2015-03-15,0.75170542
2015-03-16,0.75170542
2015-03-17,0.75170542
2015-03-18,0.75170542
2015-03-19,0.75170542
2015-03-20,0.75170542
2015-03-21,0.75170542
2015-03-22,0.75170542
2015-03-23,0.75170542
2015-03-24,0.75170542
2015-03-25,0.75170542
2015-03-26,0.75170542
2015-03-27,0.75170542
2015-03-28,0.75170542
2015-03-29,0.75170542
2015-03-30,0.75170542
2015-03-31,0.75170542
2015-04-01,0.41032252
2015-04-02,0.41032252
2015-04-03,0.41032252
2015-04-04,0.41032252
2015-04-05,0.41032252
2015-04-06,0.41032252
2015-04-07,0.41032252
2015-04-08,0.41032252
2015-04-09,0.41032252
2015-04-10,0.41032252
2015-04-11,0.41032252
2015-04-12,0.41032252
2015-04-13,0.41032252
2015-04-14,0.41032252
2015-04-15,0.41032252
2015-04-16,0.41032252
2015-04-17,0.41032252
2015-04-18,0.41032252
2015-04-19,0.41032252
2015-04-20,0.41032252
2015-04-21,0.41032252
2015-04-22,0.41032252
2015-04-23,0.41032252
2015-04-24,0.41032252
2015-04-25,0.41032252
2015-04-26,0.41032252
2015-04-27,0.41032252
2015-04-28,0.41032252
2015-04-29,0.41032252
2015-04-30,0.41032252
2015-05-01,0.53392144
2015-05-02,0.53392144
2015-05-03,0.53392144
2015-05-04,0.53392144
2015-05-05,0.53392144
2015-05-06,0.53392144
2015-05-07,0.53392144
2015-05-08,0.53392144
2015-05-09,0.53392144
2015-05-10,0.53392144
2015-05-11,0.53392144
2015-05-12,0.53392144
2015-05-13,0.53392144
2015-05-14,0.53392144
2015-05-15,0.53392144
2015-05-16,0.53392144
2015-05-17,0.53392144
2015-05-18,0.53392144
2015-05-19,0.53392144
2015-05-20,0.53392144
2015-05-21,0.53392144
2015-05-22,0.53392144
2015-05-23,0.53392144
2015-05-24,0.53392144
2015-05-25,0.53392144
2015-05-26,0.53392144
2015-05-27,0.53392144
2015-05-28,0.53392144
2015-05-29,0.53392144
2015-05-30,0.53392144
2015-05-31,0.53392144
2015-06-01,0.5537778
2015-06-02,0.5537778
2015-06-03,0.5537778
2015-06-04,0.5537778
2015-06-05,0.5537778
2015-06-06,0.5537778
2015-06-07,0.5537778
2015-06-08,0.5537778
2015-06-09,0.5537778
2015-06-10,0.5537778
2015-06-11,0.5537778
2015-06-12,0.5537778
2015-06-13,0.5537778
2015-06-14,0.5537778
2015-06-15,0.5537778
2015-06-16,0.5537778
2015-06-17,0.5537778
2015-06-18,0.5537778
2015-06-19,0.5537778
2015-06-20,0.5537778
2015-06-21,0.5537778
2015-06-22,0.5537778
2015-06-23,0.5537778
2015-06-24,0.5537778
2015-06-25,0.5537778
2015-06-26,0.5537778
2015-06-27,0.5537778
2015-06-28,0.5537778
2015-06-29,0.5537778
2015-06-30,0.5537778
2015-07-01,0.6670749
2015-07-02,0.6670749
2015-07-03,0.6670749
2015-07-04,0.6670749
2015-07-05,0.6670749
2015-07-06,0.6670749
2015-07-07,0.6670749
2015-07-08,0.6670749
2015-07-09,0.6670749
2015-07-10,0.6670749
2015-07-11,0.6670749
2015-07-12,0.6670749
2015-07-13,0.6670749
2015-07-14,0.6670749
2015-07-15,0.6670749
2015-07-16,0.6670749
2015-07-17,0.6670749
2015-07-18,0.6670749
2015-07-19,0.6670749
2015-07-20,0.6670749
2015-07-21,0.6670749
2015-07-22,0.6670749
2015-07-23,0.6670749
2015-07-24,0.6670749
2015-07-25,0.6670749
2015-07-26,0.6670749
2015-07-27,0.6670749
2015-07-28,0.6670749
2015-07-29,0.6670749
2015-07-30,0.6670749
2015-07-31,0.6670749
2015-08-01,0.54830556
2015-08-02,0.54830556
2015-08-03,0.54830556
2015-08-04,0.54830556
2015-08-05,0.54830556
2015-08-06,0.54830556
2015-08-07,0.54830556
2015-08-08,0.54830556
2015-08-09,0.54830556
2015-08-10,0.54830556
2015-08-11,0.54830556
2015-08-12,0.54830556
2015-08-13,0.54830556
2015-08-14,0.54830556
2015-08-15,0.54830556
2015-08-16,0.54830556
2015-08-17,0.54830556
2015-08-18,0.54830556
2015-08-19,0.54830556
2015-08-20,0.54830556
2015-08-21,0.54830556
2015-08-22,0.54830556
2015-08-23,0.54830556
2015-08-24,0.54830556
2015-08-25,0.54830556
2015-08-26,0.54830556
2015-08-27,0.54830556
2015-08-28,0.54830556
2015-08-29,0.54830556
2015-08-30,0.54830556
2015-08-31,0.54830556
2015-09-01,0.51245991
2015-09-02,0.51245991
2015-09-03,0.51245991
2015-09-04,0.51245991
2015-09-05,0.51245991
2015-09-06,0.51245991
2015-09-07,0.51245991
2015-09-08,0.51245991
2015-09-09,0.51245991
2015-09-10,0.51245991
2015-09-11,0.51245991
2015-09-12,0.51245991
2015-09-13,0.51245991
2015-09-14,0.51245991
2015-09-15,0.51245991
2015-09-16,0.51245991
2015-09-17,0.51245991
2015-09-18,0.51245991
2015-09-19,0.51245991
2015-09-20,0.51245991
2015-09-21,0.51245991
2015-09-22,0.51245991
2015-09-23,0.51245991
2015-09-24,0.51245991
2015-09-25,0.51245991
2015-09-26,0.51245991
2015-09-27,0.51245991
2015-09-28,0.51245991
2015-09-29,0.51245991
2015-09-30,0.51245991
2015-10-01,0.52877171
2015-10-02,0.52877171
2015-10-03,0.52877171
2015-10-04,0.52877171
2015-10-05,0.52877171
2015-10-06,0.52877171
2015-10-07,0.52877171
2015-10-08,0.52877171
2015-10-09,0.52877171
2015-10-10,0.52877171
2015-10-11,0.52877171
2015-10-12,0.52877171
2015-10-13,0.52877171
2015-10-14,0.52877171
2015-10-15,0.52877171
2015-10-16,0.52877171
2015-10-17,0.52877171
2015-10-18,0.52877171
2015-10-19,0.52877171
2015-10-20,0.52877171
2015-10-21,0.52877171
2015-10-22,0.52877171
2015-10-23,0.52877171
2015-10-24,0.52877171
2015-10-25,0.52877171
2015-10-26,0.52877171
2015-10-27,0.52877171
2015-10-28,0.52877171
2015-10-29,0.52877171
2015-10-30,0.52877171
2015-10-31,0.52877171
2015-11-01,0.6662057
2015-11-02,0.6662057
2015-11-03,0.6662057
2015-11-04,0.6662057
2015-11-05,0.6662057
2015-11-06,0.6662057
2015-11-07,0.6662057
2015-11-08,0.6662057
2015-11-09,0.6662057
2015-11-10,0.6662057
2015-11-11,0.6662057
2015-11-12,0.6662057
2015-11-13,0.6662057
2015-11-14,0.6662057
2015-11-15,0.6662057
2015-11-16,0.6662057
2015-11-17,0.6662057
2015-11-18,0.6662057
2015-11-19,0.6662057
2015-11-20,0.6662057
2015-11-21,0.6662057
2015-11-22,0.6662057
2015-11-23,0.6662057
2015-11-24,0.6662057
2015-11-25,0.6662057
2015-11-26,0.6662057
2015-11-27,0.6662057
2015-11-28,0.6662057
2015-11-29,0.6662057
2015-11-30,0.6662057
2015-12-01,0.64742223
2015-12-02,0.64742223
2015-12-03,0.64742223
2015-12-04,0.64742223
2015-12-05,0.64742223
2015-12-06,0.64742223
2015-12-07,0.64742223
2015-12-08,0.64742223
2015-12-09,0.64742223
2015-12-10,0.64742223
2015-12-11,0.64742223
2015-12-12,0.64742223
2015-12-13,0.64742223
2015-12-14,0.64742223
2015-12-15,0.64742223
2015-12-16,0.64742223
2015-12-17,0.64742223
2015-12-18,0.64742223
2015-12-19,0.64742223
2015-12-20,0.64742223
2015-12-21,0.64742223
2015-12-22,0.64742223
2015-12-23,0.64742223
2015-12-24,0.64742223
2015-12-25,0.64742223
2015-12-26,0.64742223
2015-12-27,0.64742223
2015-12-28,0.64742223
2015-12-29,0.64742223
2015-12-30,0.64742223
2015-12-31,0.64742223
2016-01-01,0.73450597
2016-01-02,0.73450597
2016-01-03,0.73450597
2016-01-04,0.73450597
2016-01-05,0.73450597
2016-01-06,0.73450597
2016-01-07,0.73450597
2016-01-08,0.73450597
2016-01-09,0.73450597
2016-01-10,0.73450597
2016-01-11,0.73450597
2016-01-12,0.73450597
2016-01-13,0.73450597
2016-01-14,0.73450597
2016-01-15,0.73450597
2016-01-16,0.73450597
2016-01-17,0.73450597
2016-01-18,0.73450597
2016-01-19,0.73450597
2016-01-20,0.73450597
2016-01-21,0.73450597
2016-01-22,0.73450597
2016-01-23,0.73450597
2016-01-24,0.73450597
2016-01-25,0.73450597
2016-01-26,0.73450597
2016-01-27,0.73450597
2016-01-28,0.73450597
2016-01-29,0.73450597
2016-01-30,0.73450597
2016-01-31,0.73450597
2016-02-01,0.538738
2016-02-02,0.538738
2016-02-03,0.538738
2016-02-04,0.538738
2016-02-05,0.538738
2016-02-06,0.538738
2016-02-07,0.538738
2016-02-08,0.538738
2016-02-09,0.538738
2016-02-10,0.538738
2016-02-11,0.538738
2016-02-12,0.538738
2016-02-13,0.538738
2016-02-14,0.538738
2016-02-15,0.538738
2016-02-16,0.538738
2016-02-17,0.538738
2016-02-18,0.538738
2016-02-19,0.538738
2016-02-20,0.538738
2016-02-21,0.538738
2016-02-22,0.538738
2016-02-23,0.538738
2016-02-24,0.538738
2016-02-25,0.538738
2016-02-26,0.538738
2016-02-27,0.538738
2016-02-28,0.538738
2016-02-29,0.538738
2016-03-01,0.55140742
2016-03-02,0.55140742
2016-03-03,0.55140742
2016-03-04,0.55140742
2016-03-05,0.55140742
2016-03-06,0.55140742
2016-03-07,0.55140742
2016-03-08,0.55140742
2016-03-09,0.55140742
2016-03-10,0.55140742
2016-03-11,0.55140742
2016-03-12,0.55140742
2016-03-13,0.55140742
2016-03-14,0.55140742
2016-03-15,0.55140742
2016-03-16,0.55140742
2016-03-17,0.55140742
2016-03-18,0.55140742
2016-03-19,0.55140742
2016-03-20,0.55140742
2016-03-21,0.55140742
2016-03-22,0.55140742
2016-03-23,0.55140742
2016-03-24,0.55140742
2016-03-25,0.55140742
2016-03-26,0.55140742
2016-03-27,0.55140742
2016-03-28,0.55140742
2016-03-29,0.55140742
2016-03-30,0.55140742
2016-03-31,0.55140742
2016-04-01,0.34527268
2016-04-02,0.34527268
2016-04-03,0.34527268
2016-04-04,0.34527268
2016-04-05,0.34527268
2016-04-06,0.34527268
2016-04-07,0.34527268
2016-04-08,0.34527268
2016-04-09,0.34527268
2016-04-10,0.34527268
2016-04-11,0.34527268
2016-04-12,0.34527268
2016-04-13,0.34527268
2016-04-14,0.34527268
2016-04-15,0.34527268
2016-04-16,0.34527268
2016-04-17,0.34527268
2016-04-18,0.34527268
2016-04-19,0.34527268
2016-04-20,0.34527268
2016-04-21,0.34527268
2016-04-22,0.34527268
2016-04-23,0.34527268
2016-04-24,0.34527268
2016-04-25,0.34527268
2016-04-26,0.34527268
2016-04-27,0.34527268
2016-04-28,0.34527268
2016-04-29,0.34527268
2016-04-30,0.34527268
2016-05-01,0.41364983
2016-05-02,0.41364983
2016-05-03,0.41364983
2016-05-04,0.41364983
2016-05-05,0.41364983
2016-05-06,0.41364983
2016-05-07,0.41364983
2016-05-08,0.41364983
2016-05-09,0.41364983
2016-05-10,0.41364983
2016-05-11,0.41364983
2016-05-12,0.41364983
2016-05-13,0.41364983
2016-05-14,0.41364983
2016-05-15,0.41364983
2016-05-16,0.41364983
2016-05-17,0.41364983
2016-05-18,0.41364983
2016-05-19,0.41364983
2016-05-20,0.41364983
2016-05-21,0.41364983
2016-05-22,0.41364983
2016-05-23,0.41364983
2016-05-24,0.41364983
2016-05-25,0.41364983
2016-05-26,0.41364983
2016-05-27,0.41364983
2016-05-28,0.41364983
2016-05-29,0.41364983
2016-05-30,0.41364983
2016-05-31,0.41364983
2016-06-01,0.51909852
2016-06-02,0.51909852
2016-06-03,0.51909852
2016-06-04,0.51909852
2016-06-05,0.51909852
2016-06-06,0.51909852
2016-06-07,0.51909852
2016-06-08,0.51909852
2016-06-09,0.51909852
2016-06-10,0.51909852
2016-06-11,0.51909852
2016-06-12,0.51909852
2016-06-13,0.51909852
2016-06-14,0.51909852
2016-06-15,0.51909852
2016-06-16,0.51909852
2016-06-17,0.51909852
2016-06-18,0.51909852
2016-06-19,0.51909852
2016-06-20,0.51909852
2016-06-21,0.51909852
2016-06-22,0.51909852
2016-06-23,0.51909852
2016-06-24,0.51909852
2016-06-25,0.51909852
2016-06-26,0.51909852
2016-06-27,0.51909852
2016-06-28,0.51909852
2016-06-29,0.51909852
2016-06-30,0.51909852
2016-07-01,0.16534694
2016-07-02,0.16534694
2016-07-03,0.16534694
2016-07-04,0.16534694
2016-07-05,0.16534694
2016-07-06,0.16534694
2016-07-07,0.16534694
2016-07-08,0.16534694
2016-07-09,0.16534694
2016-07-10,0.16534694
2016-07-11,0.16534694
2016-07-12,0.16534694
2016-07-13,0.16534694
2016-07-14,0.16534694
2016-07-15,0.16534694
2016-07-16,0.16534694
2016-07-17,0.16534694
2016-07-18,0.16534694
2016-07-19,0.16534694
2016-07-20,0.16534694
2016-07-21,0.16534694
2016-07-22,0.16534694
2016-07-23,0.16534694
2016-07-24,0.16534694
2016-07-25,0.16534694
2016-07-26,0.16534694
2016-07-27,0.16534694
2016-07-28,0.16534694
2016-07-29,0.16534694
2016-07-30,0.16534694
2016-07-31,0.16534694
2016-08-01,0.22683746
2016-08-02,0.22683746
2016-08-03,0.22683746
2016-08-04,0.22683746
2016-08-05,0.22683746
2016-08-06,0.22683746
2016-08-07,0.22683746
2016-08-08,0.22683746
2016-08-09,0.22683746
2016-08-10,0.22683746
2016-08-11,0.22683746
2016-08-12,0.22683746
2016-08-13,0.22683746
2016-08-14,0.22683746
2016-08-15,0.22683746
2016-08-16,0.22683746
2016-08-17,0.22683746
2016-08-18,0.22683746
2016-08-19,0.22683746
2016-08-20,0.22683746
2016-08-21,0.22683746
2016-08-22,0.22683746
2016-08-23,0.22683746
2016-08-24,0.22683746
2016-08-25,0.22683746
2016-08-26,0.22683746
2016-08-27,0.22683746
2016-08-28,0.22683746
2016-08-29,0.22683746
2016-08-30,0.22683746
2016-08-31,0.22683746
2016-09-01,0.2160743
2016-09-02,0.2160743
2016-09-03,0.2160743
2016-09-04,0.2160743
2016-09-05,0.2160743
2016-09-06,0.2160743
2016-09-07,0.2160743
2016-09-08,0.2160743
2016-09-09,0.2160743
2016-09-10,0.2160743
2016-09-11,0.2160743
2016-09-12,0.2160743
2016-09-13,0.2160743
2016-09-14,0.2160743
2016-09-15,0.2160743
2016-09-16,0.2160743
2016-09-17,0.2160743
2016-09-18,0.2160743
2016-09-19,0.2160743
2016-09-20,0.2160743
2016-09-21,0.2160743
2016-09-22,0.2160743
2016-09-23,0.2160743
2016-09-24,0.2160743
2016-09-25,0.2160743
2016-09-26,0.2160743
2016-09-27,0.2160743
2016-09-28,0.2160743
2016-09-29,0.2160743
2016-09-30,0.2160743
2016-10-01,0.28979681
2016-10-02,0.28979681
2016-10-03,0.28979681
2016-10-04,0.28979681
2016-10-05,0.28979681
2016-10-06,0.28979681
2016-10-07,0.28979681
2016-10-08,0.28979681
2016-10-09,0.28979681
2016-10-10,0.28979681
2016-10-11,0.28979681
2016-10-12,0.28979681
2016-10-13,0.28979681
2016-10-14,0.28979681
2016-10-15,0.28979681
2016-10-16,0.28979681
2016-10-17,0.28979681
2016-10-18,0.28979681
2016-10-19,0.28979681
2016-10-20,0.28979681
2016-10-21,0.28979681
2016-10-22,0.28979681
2016-10-23,0.28979681
2016-10-24,0.28979681
2016-10-25,0.28979681
2016-10-26,0.28979681
2016-10-27,0.28979681
2016-10-28,0.28979681
2016-10-29,0.28979681
2016-10-30,0.28979681
2016-10-31,0.28979681
2016-11-01,0.34660933
2016-11-02,0.34660933
2016-11-03,0.34660933
2016-11-04,0.34660933
2016-11-05,0.34660933
2016-11-06,0.34660933
2016-11-07,0.34660933
2016-11-08,0.34660933
2016-11-09,0.34660933
2016-11-10,0.34660933
2016-11-11,0.34660933
2016-11-12,0.34660933
2016-11-13,0.34660933
2016-11-14,0.34660933
2016-11-15,0.34660933
2016-11-16,0.34660933
2016-11-17,0.34660933
2016-11-18,0.34660933
2016-11-19,0.34660933
2016-11-20,0.34660933
2016-11-21,0.34660933
2016-11-22,0.34660933
2016-11-23,0.34660933
2016-11-24,0.34660933
2016-11-25,0.34660933
2016-11-26,0.34660933
2016-11-27,0.34660933
2016-11-28,0.34660933
2016-11-29,0.34660933
2016-11-30,0.34660933
2016-12-01,0.70045658
2016-12-02,0.70045658
2016-12-03,0.70045658
2016-12-04,0.70045658
2016-12-05,0.70045658
2016-12-06,0.70045658
2016-12-07,0.70045658
2016-12-08,0.70045658
2016-12-09,0.70045658
2016-12-10,0.70045658
2016-12-11,0.70045658
2016-12-12,0.70045658
2016-12-13,0.70045658
2016-12-14,0.70045658
2016-12-15,0.70045658
2016-12-16,0.70045658
2016-12-17,0.70045658
2016-12-18,0.70045658
2016-12-19,0.70045658
2016-12-20,0.70045658
2016-12-21,0.70045658
2016-12-22,0.70045658
2016-12-23,0.70045658
2016-12-24,0.70045658
2016-12-25,0.70045658
2016-12-26,0.70045658
2016-12-27,0.70045658
2016-12-28,0.70045658
2016-12-29,0.70045658
2016-12-30,0.70045658
2016-12-31,0.70045658
2017-01-01,0.72565107
2017-01-02,0.72565107
2017-01-03,0.72565107
2017-01-04,0.72565107
2017-01-05,0.72565107
2017-01-06,0.72565107
2017-01-07,0.72565107
2017-01-08,0.72565107
2017-01-09,0.72565107
2017-01-10,0.72565107
2017-01-11,0.72565107
2017-01-12,0.72565107
2017-01-13,0.72565107
2017-01-14,0.72565107
2017-01-15,0.72565107
2017-01-16,0.72565107
2017-01-17,0.72565107
2017-01-18,0.72565107
2017-01-19,0.72565107
2017-01-20,0.72565107
2017-01-21,0.72565107
2017-01-22,0.72565107
2017-01-23,0.72565107
2017-01-24,0.72565107
2017-01-25,0.72565107
2017-01-26,0.72565107
2017-01-27,0.72565107
2017-01-28,0.72565107
2017-01-29,0.72565107
2017-01-30,0.72565107
2017-01-31,0.72565107
2017-02-01,0.77438158
2017-02-02,0.77438158
2017-02-03,0.77438158
2017-02-04,0.77438158
2017-02-05,0.77438158
2017-02-06,0.77438158
2017-02-07,0.77438158
2017-02-08,0.77438158
2017-02-09,0.77438158
2017-02-10,0.77438158
2017-02-11,0.77438158
2017-02-12,0.77438158
2017-02-13,0.77438158
2017-02-14,0.77438158
2017-02-15,0.77438158
2017-02-16,0.77438158
2017-02-17,0.77438158
2017-02-18,0.77438158
2017-02-19,0.77438158
2017-02-20,0.77438158
2017-02-21,0.77438158
2017-02-22,0.77438158
2017-02-23,0.77438158
2017-02-24,0.77438158
2017-02-25,0.77438158
2017-02-26,0.77438158
2017-02-27,0.77438158
2017-02-28,0.77438158
2017-03-01,0.91650302
2017-03-02,0.91650302
2017-03-03,0.91650302
2017-03-04,0.91650302
2017-03-05,0.91650302
2017-03-06,0.91650302
2017-03-07,0.91650302
2017-03-08,0.91650302
2017-03-09,0.91650302
2017-03-10,0.91650302
2017-03-11,0.91650302
2017-03-12,0.91650302
2017-03-13,0.91650302
2017-03-14,0.91650302
2017-03-15,0.91650302
2017-03-16,0.91650302
2017-03-17,0.91650302
2017-03-18,0.91650302
2017-03-19,0.91650302
2017-03-20,0.91650302
2017-03-21,0.91650302
2017-03-22,0.91650302
2017-03-23,0.91650302
2017-03-24,0.91650302
2017-03-25,0.91650302
2017-03-26,0.91650302
2017-03-27,0.91650302
2017-03-28,0.91650302
2017-03-29,0.91650302
2017-03-30,0.91650302
2017-03-31,0.91650302
2017-04-01,0.76575378
2017-04-02,0.76575378
2017-04-03,0.76575378
2017-04-04,0.76575378
2017-04-05,0.76575378
2017-04-06,0.76575378
2017-04-07,0.76575378
2017-04-08,0.76575378
2017-04-09,0.76575378
2017-04-10,0.76575378
2017-04-11,0.76575378
2017-04-12,0.76575378
2017-04-13,0.76575378
2017-04-14,0.76575378
2017-04-15,0.76575378
2017-04-16,0.76575378
2017-04-17,0.76575378
2017-04-18,0.76575378
2017-04-19,0.76575378
2017-04-20,0.76575378
2017-04-21,0.76575378
2017-04-22,0.76575378
2017-04-23,0.76575378
2017-04-24,0.76575378
2017-04-25,0.76575378
2017-04-26,0.76575378
2017-04-27,0.76575378
2017-04-28,0.76575378
2017-04-29,0.76575378
2017-04-30,0.76575378
2017-05-01,0.7764088
2017-05-02,0.7764088
2017-05-03,0.7764088
2017-05-04,0.7764088
2017-05-05,0.7764088
2017-05-06,0.7764088
2017-05-07,0.7764088
2017-05-08,0.7764088
2017-05-09,0.7764088
2017-05-10,0.7764088
2017-05-11,0.7764088
2017-05-12,0.7764088
2017-05-13,0.7764088
2017-05-14,0.7764088
2017-05-15,0.7764088
2017-05-16,0.7764088
2017-05-17,0.7764088
2017-05-18,0.7764088
2017-05-19,0.7764088
2017-05-20,0.7764088
2017-05-21,0.7764088
2017-05-22,0.7764088
2017-05-23,0.7764088
2017-05-24,0.7764088
2017-05-25,0.7764088
2017-05-26,0.7764088
2017-05-27,0.7764088
2017-05-28,0.7764088
2017-05-29,0.7764088
2017-05-30,0.7764088
2017-05-31,0.7764088
2017-06-01,0.73611135
2017-06-02,0.73611135
2017-06-03,0.73611135
2017-06-04,0.73611135
2017-06-05,0.73611135
2017-06-06,0.73611135
2017-06-07,0.73611135
2017-06-08,0.73611135
2017-06-09,0.73611135
2017-06-10,0.73611135
2017-06-11,0.73611135
2017-06-12,0.73611135
2017-06-13,0.73611135
2017-06-14,0.73611135
2017-06-15,0.73611135
2017-06-16,0.73611135
2017-06-17,0.73611135
2017-06-18,0.73611135
2017-06-19,0.73611135
2017-06-20,0.73611135
2017-06-21,0.73611135
2017-06-22,0.73611135
2017-06-23,0.73611135
2017-06-24,0.73611135
2017-06-25,0.73611135
2017-06-26,0.73611135
2017-06-27,0.73611135
2017-06-28,0.73611135
2017-06-29,0.73611135
2017-06-30,0.73611135
2017-07-01,0.72501612
2017-07-02,0.72501612
2017-07-03,0.72501612
2017-07-04,0.72501612
2017-07-05,0.72501612
2017-07-06,0.72501612
2017-07-07,0.72501612
2017-07-08,0.72501612
2017-07-09,0.72501612
2017-07-10,0.72501612
2017-07-11,0.72501612
2017-07-12,0.72501612
2017-07-13,0.72501612
2017-07-14,0.72501612
2017-07-15,0.72501612
2017-07-16,0.72501612
2017-07-17,0.72501612
2017-07-18,0.72501612
2017-07-19,0.72501612
2017-07-20,0.72501612
2017-07-21,0.72501612
2017-07-22,0.72501612
2017-07-23,0.72501612
2017-07-24,0.72501612
2017-07-25,0.72501612
2017-07-26,0.72501612
2017-07-27,0.72501612
2017-07-28,0.72501612
2017-07-29,0.72501612
2017-07-30,0.72501612
2017-07-31,0.72501612
2017-08-01,0.67086016
2017-08-02,0.67086016
2017-08-03,0.67086016
2017-08-04,0.67086016
2017-08-05,0.67086016
2017-08-06,0.67086016
2017-08-07,0.67086016
2017-08-08,0.67086016
2017-08-09,0.67086016
2017-08-10,0.67086016
2017-08-11,0.67086016
2017-08-12,0.67086016
2017-08-13,0.67086016
2017-08-14,0.67086016
2017-08-15,0.67086016
2017-08-16,0.67086016
2017-08-17,0.67086016
2017-08-18,0.67086016
2017-08-19,0.67086016
2017-08-20,0.67086016
2017-08-21,0.67086016
2017-08-22,0.67086016
2017-08-23,0.67086016
2017-08-24,0.67086016
2017-08-25,0.67086016
2017-08-26,0.67086016
2017-08-27,0.67086016
2017-08-28,0.67086016
2017-08-29,0.67086016
2017-08-30,0.67086016
2017-08-31,0.67086016
2017-09-01,0.56521264
2017-09-02,0.56521264
2017-09-03,0.56521264
2017-09-04,0.56521264
2017-09-05,0.56521264
2017-09-06,0.56521264
2017-09-07,0.56521264
2017-09-08,0.56521264
2017-09-09,0.56521264
2017-09-10,0.56521264
2017-09-11,0.56521264
2017-09-12,0.56521264
2017-09-13,0.56521264
2017-09-14,0.56521264
2017-09-15,0.56521264
2017-09-16,0.56521264
2017-09-17,0.56521264
2017-09-18,0.56521264
2017-09-19,0.56521264
2017-09-20,0.56521264
2017-09-21,0.56521264
2017-09-22,0.56521264
2017-09-23,0.56521264
2017-09-24,0.56521264
2017-09-25,0.56521264
2017-09-26,0.56521264
2017-09-27,0.56521264
2017-09-28,0.56521264
2017-09-29,0.56521264
2017-09-30,0.56521264
2017-10-01,0.72914351
2017-10-02,0.72914351
2017-10-03,0.72914351
2017-10-04,0.72914351
2017-10-05,0.72914351
2017-10-06,0.72914351
2017-10-07,0.72914351
2017-10-08,0.72914351
2017-10-09,0.72914351
2017-10-10,0.72914351
2017-10-11,0.72914351
2017-10-12,0.72914351
2017-10-13,0.72914351
2017-10-14,0.72914351
2017-10-15,0.72914351
2017-10-16,0.72914351
2017-10-17,0.72914351
2017-10-18,0.72914351
2017-10-19,0.72914351
2017-10-20,0.72914351
2017-10-21,0.72914351
2017-10-22,0.72914351
2017-10-23,0.72914351
2017-10-24,0.72914351
2017-10-25,0.72914351
2017-10-26,0.72914351
2017-10-27,0.72914351
2017-10-28,0.72914351
2017-10-29,0.72914351
2017-10-30,0.72914351
2017-10-31,0.72914351
2017-11-01,0.75219045
2017-11-02,0.75219045
2017-11-03,0.75219045
2017-11-04,0.75219045
2017-11-05,0.75219045
2017-11-06,0.75219045
2017-11-07,0.75219045
2017-11-08,0.75219045
2017-11-09,0.75219045
2017-11-10,0.75219045
2017-11-11,0.75219045
2017-11-12,0.75219045
2017-11-13,0.75219045
2017-11-14,0.75219045
2017-11-15,0.75219045
2017-11-16,0.75219045
2017-11-17,0.75219045
2017-11-18,0.75219045
2017-11-19,0.75219045
2017-11-20,0.75219045
2017-11-21,0.75219045
2017-11-22,0.75219045
2017-11-23,0.75219045
2017-11-24,0.75219045
2017-11-25,0.75219045
2017-11-26,0.75219045
2017-11-27,0.75219045
2017-11-28,0.75219045
2017-11-29,0.75219045
2017-11-30,0.75219045
2017-12-01,0.57304923
2017-12-02,0.57304923
2017-12-03,0.57304923
2017-12-04,0.57304923
2017-12-05,0.57304923
2017-12-06,0.57304923
2017-12-07,0.57304923
2017-12-08,0.57304923
2017-12-09,0.57304923
2017-12-10,0.57304923
2017-12-11,0.57304923
2017-12-12,0.57304923
2017-12-13,0.57304923
2017-12-14,0.57304923
2017-12-15,0.57304923
2017-12-16,0.57304923
2017-12-17,0.57304923
2017-12-18,0.57304923
2017-12-19,0.57304923
2017-12-20,0.57304923
2017-12-21,0.57304923
2017-12-22,0.57304923
2017-12-23,0.57304923
2017-12-24,0.57304923
2017-12-25,0.57304923
2017-12-26,0.57304923
2017-12-27,0.57304923
2017-12-28,0.57304923
2017-12-29,0.57304923
2017-12-30,0.57304923
2017-12-31,0.57304923
2018-01-01,0.87378801
2018-01-02,0.87378801
2018-01-03,0.87378801
2018-01-04,0.87378801
2018-01-05,0.87378801
2018-01-06,0.87378801
2018-01-07,0.87378801
2018-01-08,0.87378801
2018-01-09,0.87378801
2018-01-10,0.87378801
2018-01-11,0.87378801
2018-01-12,0.87378801
2018-01-13,0.87378801
2018-01-14,0.87378801
2018-01-15,0.87378801
2018-01-16,0.87378801
2018-01-17,0.87378801
2018-01-18,0.87378801
2018-01-19,0.87378801
2018-01-20,0.87378801
2018-01-21,0.87378801
2018-01-22,0.87378801
2018-01-23,0.87378801
2018-01-24,0.87378801
2018-01-25,0.87378801
2018-01-26,0.87378801
2018-01-27,0.87378801
2018-01-28,0.87378801
2018-01-29,0.87378801
2018-01-30,0.87378801
2018-01-31,0.87378801
2018-02-01,1.08846929
2018-02-02,1.08846929
2018-02-03,1.08846929
2018-02-04,1.08846929
2018-02-05,1.08846929
2018-02-06,1.08846929
2018-02-07,1.08846929
2018-02-08,1.08846929
2018-02-09,1.08846929
2018-02-10,1.08846929
2018-02-11,1.08846929
2018-02-12,1.08846929
2018-02-13,1.08846929
2018-02-14,1.08846929
2018-02-15,1.08846929
2018-02-16,1.08846929
2018-02-17,1.08846929
2018-02-18,1.08846929
2018-02-19,1.08846929
2018-02-20,1.08846929
2018-02-21,1.08846929
2018-02-22,1.08846929
2018-02-23,1.08846929
2018-02-24,1.08846929
2018-02-25,1.08846929
2018-02-26,1.08846929
2018-02-27,1.08846929
2018-02-28,1.08846929
2018-03-01,1.02953583
2018-03-02,1.02953583
2018-03-03,1.02953583
2018-03-04,1.02953583
2018-03-05,1.02953583
2018-03-06,1.02953583
2018-03-07,1.02953583
2018-03-08,1.02953583
2018-03-09,1.02953583
2018-03-10,1.02953583
2018-03-11,1.02953583
2018-03-12,1.02953583
2018-03-13,1.02953583
2018-03-14,1.02953583
2018-03-15,1.02953583
2018-03-16,1.02953583
2018-03-17,1.02953583
2018-03-18,1.02953583
2018-03-19,1.02953583
2018-03-20,1.02953583
2018-03-21,1.02953583
2018-03-22,1.02953583
2018-03-23,1.02953583
2018-03-24,1.02953583
2018-03-25,1.02953583
2018-03-26,1.02953583
2018-03-27,1.02953583
2018-03-28,1.02953583
2018-03-29,1.02953583
2018-03-30,1.02953583
2018-03-31,1.02953583
2018-04-01,1.01435433
2018-04-02,1.01435433
2018-04-03,1.01435433
2018-04-04,1.01435433
2018-04-05,1.01435433
2018-04-06,1.01435433
2018-04-07,1.01435433
2018-04-08,1.01435433
2018-04-09,1.01435433
2018-04-10,1.01435433
2018-04-11,1.01435433
2018-04-12,1.01435433
2018-04-13,1.01435433
2018-04-14,1.01435433
2018-04-15,1.01435433
2018-04-16,1.01435433
2018-04-17,1.01435433
2018-04-18,1.01435433
2018-04-19,1.01435433
2018-04-20,1.01435433
2018-04-21,1.01435433
2018-04-22,1.01435433
2018-04-23,1.01435433
2018-04-24,1.01435433
2018-04-25,1.01435433
2018-04-26,1.01435433
2018-04-27,1.01435433
2018-04-28,1.01435433
2018-04-29,1.01435433
2018-04-30,1.01435433
2018-05-01,1.2160918
2018-05-02,1.2160918
2018-05-03,1.2160918
2018-05-04,1.2160918
2018-05-05,1.2160918
2018-05-06,1.2160918
2018-05-07,1.2160918
2018-05-08,1.2160918
2018-05-09,1.2160918
2018-05-10,1.2160918
2018-05-11,1.2160918
2018-05-12,1.2160918
2018-05-13,1.2160918
2018-05-14,1.2160918
2018-05-15,1.2160918
2018-05-16,1.2160918
2018-05-17,1.2160918
2018-05-18,1.2160918
2018-05-19,1.2160918
2018-05-20,1.2160918
2018-05-21,1.2160918
2018-05-22,1.2160918
2018-05-23,1.2160918
2018-05-24,1.2160918
2018-05-25,1.2160918
2018-05-26,1.2160918
2018-05-27,1.2160918
2018-05-28,1.2160918
2018-05-29,1.2160918
2018-05-30,1.2160918
2018-05-31,1.2160918
2018-06-01,1.24572814
2018-06-02,1.24572814
2018-06-03,1.24572814
2018-06-04,1.24572814
2018-06-05,1.24572814
2018-06-06,1.24572814
2018-06-07,1.24572814
2018-06-08,1.24572814
2018-06-09,1.24572814
2018-06-10,1.24572814
2018-06-11,1.24572814
2018-06-12,1.24572814
2018-06-13,1.24572814
2018-06-14,1.24572814
2018-06-15,1.24572814
2018-06-16,1.24572814
2018-06-17,1.24572814
2018-06-18,1.24572814
2018-06-19,1.24572814
2018-06-20,1.24572814
2018-06-21,1.24572814
2018-06-22,1.24572814
2018-06-23,1.24572814
2018-06-24,1.24572814
2018-06-25,1.24572814
2018-06-26,1.24572814
2018-06-27,1.24572814
2018-06-28,1.24572814
2018-06-29,1.24572814
2018-06-30,1.24572814
2018-07-01,1.15523371
2018-07-02,1.15523371
2018-07-03,1.15523371
2018-07-04,1.15523371
2018-07-05,1.15523371
2018-07-06,1.15523371
2018-07-07,1.15523371
2018-07-08,1.15523371
2018-07-09,1.15523371
2018-07-10,1.15523371
2018-07-11,1.15523371
2018-07-12,1.15523371
2018-07-13,1.15523371
2018-07-14,1.15523371
2018-07-15,1.15523371
2018-07-16,1.15523371
2018-07-17,1.15523371
2018-07-18,1.15523371
2018-07-19,1.15523371
2018-07-20,1.15523371
2018-07-21,1.15523371
2018-07-22,1.15523371
2018-07-23,1.15523371
2018-07-24,1.15523371
2018-07-25,1.15523371
2018-07-26,1.15523371
2018-07-27,1.15523371
2018-07-28,1.15523371
2018-07-29,1.15523371
2018-07-30,1.15523371
2018-07-31,1.15523371
2018-08-01,1.25524162
2018-08-02,1.25524162
2018-08-03,1.25524162
2018-08-04,1.25524162
2018-08-05,1.25524162
2018-08-06,1.25524162
2018-08-07,1.25524162
2018-08-08,1.25524162
2018-08-09,1.25524162
2018-08-10,1.25524162
2018-08-11,1.25524162
2018-08-12,1.25524162
2018-08-13,1.25524162
2018-08-14,1.25524162
2018-08-15,1.25524162
2018-08-16,1.25524162
2018-08-17,1.25524162
2018-08-18,1.25524162
2018-08-19,1.25524162
2018-08-20,1.25524162
2018-08-21,1.25524162
2018-08-22,1.25524162
2018-08-23,1.25524162
2018-08-24,1.25524162
2018-08-25,1.25524162
2018-08-26,1.25524162
2018-08-27,1.25524162
2018-08-28,1.25524162
2018-08-29,1.25524162
2018-08-30,1.25524162
2018-08-31,1.25524162
2018-09-01,1.1321469
2018-09-02,1.1321469
2018-09-03,1.1321469
2018-09-04,1.1321469
2018-09-05,1.1321469
2018-09-06,1.1321469
2018-09-07,1.1321469
2018-09-08,1.1321469
2018-09-09,1.1321469
2018-09-10,1.1321469
2018-09-11,1.1321469
2018-09-12,1.1321469
2018-09-13,1.1321469
2018-09-14,1.1321469
2018-09-15,1.1321469
2018-09-16,1.1321469
2018-09-17,1.1321469
2018-09-18,1.1321469
2018-09-19,1.1321469
2018-09-20,1.1321469
2018-09-21,1.1321469
2018-09-22,1.1321469
2018-09-23,1.1321469
2018-09-24,1.1321469
2018-09-25,1.1321469
2018-09-26,1.1321469
2018-09-27,1.1321469
2018-09-28,1.1321469
2018-09-29,1.1321469
2018-09-30,1.1321469
2018-10-01,1.30012681
2018-10-02,1.30012681
2018-10-03,1.30012681
2018-10-04,1.30012681
2018-10-05,1.30012681
2018-10-06,1.30012681
2018-10-07,1.30012681
2018-10-08,1.30012681
2018-10-09,1.30012681
2018-10-10,1.30012681
2018-10-11,1.30012681
2018-10-12,1.30012681
2018-10-13,1.30012681
2018-10-14,1.30012681
2018-10-15,1.30012681
2018-10-16,1.30012681
2018-10-17,1.30012681
2018-10-18,1.30012681
2018-10-19,1.30012681
2018-10-20,1.30012681
2018-10-21,1.30012681
2018-10-22,1.30012681
2018-10-23,1.30012681
2018-10-24,1.30012681
2018-10-25,1.30012681
2018-10-26,1.30012681
2018-10-27,1.30012681
2018-10-28,1.30012681
2018-10-29,1.30012681
2018-10-30,1.30012681
2018-10-31,1.30012681
2018-11-01,1.30865835
2018-11-02,1.30865835
2018-11-03,1.30865835
2018-11-04,1.30865835
2018-11-05,1.30865835
2018-11-06,1.30865835
2018-11-07,1.30865835
2018-11-08,1.30865835
2018-11-09,1.30865835
2018-11-10,1.30865835
2018-11-11,1.30865835
2018-11-12,1.30865835
2018-11-13,1.30865835
2018-11-14,1.30865835
2018-11-15,1.30865835
2018-11-16,1.30865835
2018-11-17,1.30865835
2018-11-18,1.30865835
2018-11-19,1.30865835
2018-11-20,1.30865835
2018-11-21,1.30865835
2018-11-22,1.30865835
2018-11-23,1.30865835
2018-11-24,1.30865835
2018-11-25,1.30865835
2018-11-26,1.30865835
2018-11-27,1.30865835
2018-11-28,1.30865835
2018-11-29,1.30865835
2018-11-30,1.30865835
2018-12-01,1.25496666
2018-12-02,1.25496666
2018-12-03,1.25496666
2018-12-04,1.25496666
2018-12-05,1.25496666
2018-12-06,1.25496666
2018-12-07,1.25496666
2018-12-08,1.25496666
2018-12-09,1.25496666
2018-12-10,1.25496666
2018-12-11,1.25496666
2018-12-12,1.25496666
2018-12-13,1.25496666
2018-12-14,1.25496666
2018-12-15,1.25496666
2018-12-16,1.25496666
2018-12-17,1.25496666
2018-12-18,1.25496666
2018-12-19,1.25496666
2018-12-20,1.25496666
2018-12-21,1.25496666
2018-12-22,1.25496666
2018-12-23,1.25496666
2018-12-24,1.25496666
2018-12-25,1.25496666
2018-12-26,1.25496666
2018-12-27,1.25496666
2018-12-28,1.25496666
2018-12-29,1.25496666
2018-12-30,1.25496666
2018-12-31,1.25496666
2019-01-01,1.04043434
2019-01-02,1.04043434
2019-01-03,1.04043434
2019-01-04,1.04043434
2019-01-05,1.04043434
2019-01-06,1.04043434
2019-01-07,1.04043434
2019-01-08,1.04043434
2019-01-09,1.04043434
2019-01-10,1.04043434
2019-01-11,1.04043434
2019-01-12,1.04043434
2019-01-13,1.04043434
2019-01-14,1.04043434
2019-01-15,1.04043434
2019-01-16,1.04043434
2019-01-17,1.04043434
2019-01-18,1.04043434
2019-01-19,1.04043434
2019-01-20,1.04043434
2019-01-21,1.04043434
2019-01-22,1.04043434
2019-01-23,1.04043434
2019-01-24,1.04043434
2019-01-25,1.04043434
2019-01-26,1.04043434
2019-01-27,1.04043434
2019-01-28,1.04043434
2019-01-29,1.04043434
2019-01-30,1.04043434
2019-01-31,1.04043434
2019-02-01,1.06818285
2019-02-02,1.06818285
2019-02-03,1.06818285
2019-02-04,1.06818285
2019-02-05,1.06818285
2019-02-06,1.06818285
2019-02-07,1.06818285
2019-02-08,1.06818285
2019-02-09,1.06818285
2019-02-10,1.06818285
2019-02-11,1.06818285
2019-02-12,1.06818285
2019-02-13,1.06818285
2019-02-14,1.06818285
2019-02-15,1.06818285
2019-02-16,1.06818285
2019-02-17,1.06818285
2019-02-18,1.06818285
2019-02-19,1.06818285
2019-02-20,1.06818285
2019-02-21,1.06818285
2019-02-22,1.06818285
2019-02-23,1.06818285
2019-02-24,1.06818285
2019-02-25,1.06818285
2019-02-26,1.06818285
2019-02-27,1.06818285
2019-02-28,1.06818285
2019-03-01,0.51720765
2019-03-02,0.51720765
2019-03-03,0.51720765
2019-03-04,0.51720765
2019-03-05,0.51720765
2019-03-06,0.51720765
2019-03-07,0.51720765
2019-03-08,0.51720765
2019-03-09,0.51720765
2019-03-10,0.51720765
2019-03-11,0.51720765
2019-03-12,0.51720765
2019-03-13,0.51720765
2019-03-14,0.51720765
2019-03-15,0.51720765
2019-03-16,0.51720765
2019-03-17,0.51720765
2019-03-18,0.51720765
2019-03-19,0.51720765
2019-03-20,0.51720765
2019-03-21,0.51720765
2019-03-22,0.51720765
2019-03-23,0.51720765
2019-03-24,0.51720765
2019-03-25,0.51720765
2019-03-26,0.51720765
2019-03-27,0.51720765
2019-03-28,0.51720765
2019-03-29,0.51720765
2019-03-30,0.51720765
2019-03-31,0.51720765
2019-04-01,0.42030375
2019-04-02,0.42030375
2019-04-03,0.42030375
2019-04-04,0.42030375
2019-04-05,0.42030375
2019-04-06,0.42030375
2019-04-07,0.42030375
2019-04-08,0.42030375
2019-04-09,0.42030375
2019-04-10,0.42030375
2019-04-11,0.42030375
2019-04-12,0.42030375
2019-04-13,0.42030375
2019-04-14,0.42030375
2019-04-15,0.42030375
2019-04-16,0.42030375
2019-04-17,0.42030375
2019-04-18,0.42030375
2019-04-19,0.42030375
2019-04-20,0.42030375
2019-04-21,0.42030375
2019-04-22,0.42030375
2019-04-23,0.42030375
2019-04-24,0.42030375
2019-04-25,0.42030375
2019-04-26,0.42030375
2019-04-27,0.42030375
2019-04-28,0.42030375
2019-04-29,0.42030375
2019-04-30,0.42030375
2019-05-01,0.5404288
2019-05-02,0.5404288
2019-05-03,0.5404288
2019-05-04,0.5404288
2019-05-05,0.5404288
2019-05-06,0.5404288
2019-05-07,0.5404288
2019-05-08,0.5404288
2019-05-09,0.5404288
2019-05-10,0.5404288
2019-05-11,0.5404288
2019-05-12,0.5404288
2019-05-13,0.5404288
2019-05-14,0.5404288
2019-05-15,0.5404288
2019-05-16,0.5404288
2019-05-17,0.5404288
2019-05-18,0.5404288
2019-05-19,0.5404288
2019-05-20,0.5404288
2019-05-21,0.5404288
2019-05-22,0.5404288
2019-05-23,0.5404288
2019-05-24,0.5404288
2019-05-25,0.5404288
2019-05-26,0.5404288
2019-05-27,0.5404288
2019-05-28,0.5404288
2019-05-29,0.5404288
2019-05-30,0.5404288
2019-05-31,0.5404288
2019-06-01,0.42130162
2019-06-02,0.42130162
2019-06-03,0.42130162
2019-06-04,0.42130162
2019-06-05,0.42130162
2019-06-06,0.42130162
2019-06-07,0.42130162
2019-06-08,0.42130162
2019-06-09,0.42130162
2019-06-10,0.42130162
2019-06-11,0.42130162
2019-06-12,0.42130162
2019-06-13,0.42130162
2019-06-14,0.42130162
2019-06-15,0.42130162
2019-06-16,0.42130162
2019-06-17,0.42130162
2019-06-18,0.42130162
2019-06-19,0.42130162
2019-06-20,0.42130162
2019-06-21,0.42130162
2019-06-22,0.42130162
2019-06-23,0.42130162
2019-06-24,0.42130162
2019-06-25,0.42130162
2019-06-26,0.42130162
2019-06-27,0.42130162
2019-06-28,0.42130162
2019-06-29,0.42130162
2019-06-30,0.42130162
2019-07-01,0.44057188
2019-07-02,0.44057188
2019-07-03,0.44057188
2019-07-04,0.44057188
2019-07-05,0.44057188
2019-07-06,0.44057188
2019-07-07,0.44057188
2019-07-08,0.44057188
2019-07-09,0.44057188
2019-07-10,0.44057188
2019-07-11,0.44057188
2019-07-12,0.44057188
2019-07-13,0.44057188
2019-07-14,0.44057188
2019-07-15,0.44057188
2019-07-16,0.44057188
2019-07-17,0.44057188
2019-07-18,0.44057188
2019-07-19,0.44057188
2019-07-20,0.44057188
2019-07-21,0.44057188
2019-07-22,0.44057188
2019-07-23,0.44057188
2019-07-24,0.44057188
2019-07-25,0.44057188
2019-07-26,0.44057188
2019-07-27,0.44057188
2019-07-28,0.44057188
2019-07-29,0.44057188
2019-07-30,0.44057188
2019-07-31,0.44057188
2019-08-01,0.42005179
2019-08-02,0.42005179
2019-08-03,0.42005179
2019-08-04,0.42005179
2019-08-05,0.42005179
2019-08-06,0.42005179
2019-08-07,0.42005179
2019-08-08,0.42005179
2019-08-09,0.42005179
2019-08-10,0.42005179
2019-08-11,0.42005179
2019-08-12,0.42005179
2019-08-13,0.42005179
2019-08-14,0.42005179
2019-08-15,0.42005179
2019-08-16,0.42005179
2019-08-17,0.42005179
2019-08-18,0.42005179
2019-08-19,0.42005179
2019-08-20,0.42005179
2019-08-21,0.42005179
2019-08-22,0.42005179
2019-08-23,0.42005179
2019-08-24,0.42005179
2019-08-25,0.42005179
2019-08-26,0.42005179
2019-08-27,0.42005179
2019-08-28,0.42005179
2019-08-29,0.42005179
2019-08-30,0.42005179
2019-08-31,0.42005179
2019-09-01,0.23500552
2019-09-02,0.23500552
2019-09-03,0.23500552
2019-09-04,0.23500552
2019-09-05,0.23500552
2019-09-06,0.23500552
2019-09-07,0.23500552
2019-09-08,0.23500552
2019-09-09,0.23500552
2019-09-10,0.23500552
2019-09-11,0.23500552
2019-09-12,0.23500552
2019-09-13,0.23500552
2019-09-14,0.23500552
2019-09-15,0.23500552
2019-09-16,0.23500552
2019-09-17,0.23500552
2019-09-18,0.23500552
2019-09-19,0.23500552
2019-09-20,0.23500552
2019-09-21,0.23500552
2019-09-22,0.23500552
2019-09-23,0.23500552
2019-09-24,0.23500552
2019-09-25,0.23500552
2019-09-26,0.23500552
2019-09-27,0.23500552
2019-09-28,0.23500552
2019-09-29,0.23500552
2019-09-30,0.23500552
2019-10-01,0.36832453
2019-10-02,0.36832453
2019-10-03,0.36832453
2019-10-04,0.36832453
2019-10-05,0.36832453
2019-10-06,0.36832453
2019-10-07,0.36832453
2019-10-08,0.36832453
2019-10-09,0.36832453
2019-10-10,0.36832453
2019-10-11,0.36832453
2019-10-12,0.36832453
2019-10-13,0.36832453
2019-10-14,0.36832453
2019-10-15,0.36832453
2019-10-16,0.36832453
2019-10-17,0.36832453
2019-10-18,0.36832453
2019-10-19,0.36832453
2019-10-20,0.36832453
2019-10-21,0.36832453
2019-10-22,0.36832453
2019-10-23,0.36832453
2019-10-24,0.36832453
2019-10-25,0.36832453
2019-10-26,0.36832453
2019-10-27,0.36832453
2019-10-28,0.36832453
2019-10-29,0.36832453
2019-10-30,0.36832453
2019-10-31,0.36832453
2019-11-01,0.43361185
2019-11-02,0.43361185
2019-11-03,0.43361185
2019-11-04,0.43361185
2019-11-05,0.43361185
2019-11-06,0.43361185
2019-11-07,0.43361185
2019-11-08,0.43361185
2019-11-09,0.43361185
2019-11-10,0.43361185
2019-11-11,0.43361185
2019-11-12,0.43361185
2019-11-13,0.43361185
2019-11-14,0.43361185
2019-11-15,0.43361185
2019-11-16,0.43361185
2019-11-17,0.43361185
2019-11-18,0.43361185
2019-11-19,0.43361185
2019-11-20,0.43361185
2019-11-21,0.43361185
2019-11-22,0.43361185
2019-11-23,0.43361185
2019-11-24,0.43361185
2019-11-25,0.43361185
2019-11-26,0.43361185
2019-11-27,0.43361185
2019-11-28,0.43361185
2019-11-29,0.43361185
2019-11-30,0.43361185
2019-12-01,0.51426493
2019-12-02,0.51426493
2019-12-03,0.51426493
2019-12-04,0.51426493
2019-12-05,0.51426493
2019-12-06,0.51426493
2019-12-07,0.51426493
2019-12-08,0.51426493
2019-12-09,0.51426493
2019-12-10,0.51426493
2019-12-11,0.51426493
2019-12-12,0.51426493
2019-12-13,0.51426493
2019-12-14,0.51426493
2019-12-15,0.51426493
2019-12-16,0.51426493
2019-12-17,0.51426493
2019-12-18,0.51426493
2019-12-19,0.51426493
2019-12-20,0.51426493
2019-12-21,0.51426493
2019-12-22,0.51426493
2019-12-23,0.51426493
2019-12-24,0.51426493
2019-12-25,0.51426493
2019-12-26,0.51426493
2019-12-27,0.51426493
2019-12-28,0.51426493
2019-12-29,0.51426493
2019-12-30,0.51426493
2019-12-31,0.51426493
2020-01-01,0.50509631
2020-01-02,0.50509631
2020-01-03,0.50509631
2020-01-04,0.50509631
2020-01-05,0.50509631
2020-01-06,0.50509631
2020-01-07,0.50509631
2020-01-08,0.50509631
2020-01-09,0.50509631
2020-01-10,0.50509631
2020-01-11,0.50509631
2020-01-12,0.50509631
2020-01-13,0.50509631
2020-01-14,0.50509631
2020-01-15,0.50509631
2020-01-16,0.50509631
2020-01-17,0.50509631
2020-01-18,0.50509631
2020-01-19,0.50509631
2020-01-20,0.50509631
2020-01-21,0.50509631
2020-01-22,0.50509631
2020-01-23,0.50509631
2020-01-24,0.50509631
2020-01-25,0.50509631
2020-01-26,0.50509631
2020-01-27,0.50509631
2020-01-28,0.50509631
2020-01-29,0.50509631
2020-01-30,0.50509631
2020-01-31,0.50509631
2020-02-01,0.31598579
2020-02-02,0.31598579
2020-02-03,0.31598579
2020-02-04,0.31598579
2020-02-05,0.31598579
2020-02-06,0.31598579
2020-02-07,0.31598579
2020-02-08,0.31598579
2020-02-09,0.31598579
2020-02-10,0.31598579
2020-02-11,0.31598579
2020-02-12,0.31598579
2020-02-13,0.31598579
2020-02-14,0.31598579
2020-02-15,0.31598579
2020-02-16,0.31598579
2020-02-17,0.31598579
2020-02-18,0.31598579
2020-02-19,0.31598579
2020-02-20,0.31598579
2020-02-21,0.31598579
2020-02-22,0.31598579
2020-02-23,0.31598579
2020-02-24,0.31598579
2020-02-25,0.31598579
2020-02-26,0.31598579
2020-02-27,0.31598579
2020-02-28,0.31598579
2020-02-29,0.31598579
2020-03-01,-0.12783745
2020-03-02,-0.12783745
2020-03-03,-0.12783745
2020-03-04,-0.12783745
2020-03-05,-0.12783745
2020-03-06,-0.12783745
2020-03-07,-0.12783745
2020-03-08,-0.12783745
2020-03-09,-0.12783745
2020-03-10,-0.12783745
2020-03-11,-0.12783745
2020-03-12,-0.12783745
2020-03-13,-0.12783745
2020-03-14,-0.12783745
2020-03-15,-0.12783745
2020-03-16,-0.12783745
2020-03-17,-0.12783745
2020-03-18,-0.12783745
2020-03-19,-0.12783745
2020-03-20,-0.12783745
2020-03-21,-0.12783745
2020-03-22,-0.12783745
2020-03-23,-0.12783745
2020-03-24,-0.12783745
2020-03-25,-0.12783745
2020-03-26,-0.12783745
2020-03-27,-0.12783745
2020-03-28,-0.12783745
2020-03-29,-0.12783745
2020-03-30,-0.12783745
2020-03-31,-0.12783745
2020-04-01,-0.11159442
2020-04-02,-0.11159442
2020-04-03,-0.11159442
2020-04-04,-0.11159442
2020-04-05,-0.11159442
2020-04-06,-0.11159442
2020-04-07,-0.11159442
2020-04-08,-0.11159442
2020-04-09,-0.11159442
2020-04-10,-0.11159442
2020-04-11,-0.11159442
2020-04-12,-0.11159442
2020-04-13,-0.11159442
2020-04-14,-0.11159442
2020-04-15,-0.11159442
2020-04-16,-0.11159442
2020-04-17,-0.11159442
2020-04-18,-0.11159442
2020-04-19,-0.11159442
2020-04-20,-0.11159442
2020-04-21,-0.11159442
2020-04-22,-0.11159442
2020-04-23,-0.11159442
2020-04-24,-0.11159442
2020-04-25,-0.11159442
2020-04-26,-0.11159442
2020-04-27,-0.11159442
2020-04-28,-0.11159442
2020-04-29,-0.11159442
2020-04-30,-0.11159442
2020-05-01,-0.02785652
2020-05-02,-0.02785652
2020-05-03,-0.02785652
2020-05-04,-0.02785652
2020-05-05,-0.02785652
2020-05-06,-0.02785652
2020-05-07,-0.02785652
2020-05-08,-0.02785652
2020-05-09,-0.02785652
2020-05-10,-0.02785652
2020-05-11,-0.02785652
2020-05-12,-0.02785652
2020-05-13,-0.02785652
2020-05-14,-0.02785652
2020-05-15,-0.02785652
2020-05-16,-0.02785652
2020-05-17,-0.02785652
2020-05-18,-0.02785652
2020-05-19,-0.02785652
2020-05-20,-0.02785652
2020-05-21,-0.02785652
2020-05-22,-0.02785652
2020-05-23,-0.02785652
2020-05-24,-0.02785652
2020-05-25,-0.02785652
2020-05-26,-0.02785652
2020-05-27,-0.02785652
2020-05-28,-0.02785652
2020-05-29,-0.02785652
2020-05-30,-0.02785652
2020-05-31,-0.02785652
2020-06-01,-0.15369936
2020-06-02,-0.15369936
2020-06-03,-0.15369936
2020-06-04,-0.15369936
2020-06-05,-0.15369936
2020-06-06,-0.15369936
2020-06-07,-0.15369936
2020-06-08,-0.15369936
2020-06-09,-0.15369936
2020-06-10,-0.15369936
2020-06-11,-0.15369936
2020-06-12,-0.15369936
2020-06-13,-0.15369936
2020-06-14,-0.15369936
2020-06-15,-0.15369936
2020-06-16,-0.15369936
2020-06-17,-0.15369936
2020-06-18,-0.15369936
2020-06-19,-0.15369936
2020-06-20,-0.15369936
2020-06-21,-0.15369936
2020-06-22,-0.15369936
2020-06-23,-0.15369936
2020-06-24,-0.15369936
2020-06-25,-0.15369936
2020-06-26,-0.15369936
2020-06-27,-0.15369936
2020-06-28,-0.15369936
2020-06-29,-0.15369936
2020-06-30,-0.15369936
2020-07-01,-0.3453445
2020-07-02,-0.3453445
2020-07-03,-0.3453445
2020-07-04,-0.3453445
2020-07-05,-0.3453445
2020-07-06,-0.3453445
2020-07-07,-0.3453445
2020-07-08,-0.3453445
2020-07-09,-0.3453445
2020-07-10,-0.3453445
2020-07-11,-0.3453445
2020-07-12,-0.3453445
2020-07-13,-0.3453445
2020-07-14,-0.3453445
2020-07-15,-0.3453445
2020-07-16,-0.3453445
2020-07-17,-0.3453445
2020-07-18,-0.3453445
2020-07-19,-0.3453445
2020-07-20,-0.3453445
2020-07-21,-0.3453445
2020-07-22,-0.3453445
2020-07-23,-0.3453445
2020-07-24,-0.3453445
2020-07-25,-0.3453445
2020-07-26,-0.3453445
2020-07-27,-0.3453445
2020-07-28,-0.3453445
2020-07-29,-0.3453445
2020-07-30,-0.3453445
2020-07-31,-0.3453445
2020-08-01,-0.407134
2020-08-02,-0.407134
2020-08-03,-0.407134
2020-08-04,-0.407134
2020-08-05,-0.407134
2020-08-06,-0.407134
2020-08-07,-0.407134
2020-08-08,-0.407134
2020-08-09,-0.407134
2020-08-10,-0.407134
2020-08-11,-0.407134
2020-08-12,-0.407134
2020-08-13,-0.407134
2020-08-14,-0.407134
2020-08-15,-0.407134
2020-08-16,-0.407134
2020-08-17,-0.407134
2020-08-18,-0.407134
2020-08-19,-0.407134
2020-08-20,-0.407134
2020-08-21,-0.407134
2020-08-22,-0.407134
2020-08-23,-0.407134
2020-08-24,-0.407134
2020-08-25,-0.407134
2020-08-26,-0.407134
2020-08-27,-0.407134
2020-08-28,-0.407134
2020-08-29,-0.407134
2020-08-30,-0.407134
2020-08-31,-0.407134
2020-09-01,-0.34333693
2020-09-02,-0.34333693
2020-09-03,-0.34333693
2020-09-04,-0.34333693
2020-09-05,-0.34333693
2020-09-06,-0.34333693
2020-09-07,-0.34333693
2020-09-08,-0.34333693
2020-09-09,-0.34333693
2020-09-10,-0.34333693
2020-09-11,-0.34333693
2020-09-12,-0.34333693
2020-09-13,-0.34333693
2020-09-14,-0.34333693
2020-09-15,-0.34333693
2020-09-16,-0.34333693
2020-09-17,-0.34333693
2020-09-18,-0.34333693
2020-09-19,-0.34333693
2020-09-20,-0.34333693
2020-09-21,-0.34333693
2020-09-22,-0.34333693
2020-09-23,-0.34333693
2020-09-24,-0.34333693
2020-09-25,-0.34333693
2020-09-26,-0.34333693
2020-09-27,-0.34333693
2020-09-28,-0.34333693
2020-09-29,-0.34333693
2020-09-30,-0.34333693
2020-10-01,-0.29173845
2020-10-02,-0.29173845
2020-10-03,-0.29173845
2020-10-04,-0.29173845
2020-10-05,-0.29173845
2020-10-06,-0.29173845
2020-10-07,-0.29173845
2020-10-08,-0.29173845
2020-10-09,-0.29173845
2020-10-10,-0.29173845
2020-10-11,-0.29173845
2020-10-12,-0.29173845
2020-10-13,-0.29173845
2020-10-14,-0.29173845
2020-10-15,-0.29173845
2020-10-16,-0.29173845
2020-10-17,-0.29173845
2020-10-18,-0.29173845
2020-10-19,-0.29173845
2020-10-20,-0.29173845
2020-10-21,-0.29173845
2020-10-22,-0.29173845
2020-10-23,-0.29173845
2020-10-24,-0.29173845
2020-10-25,-0.29173845
2020-10-26,-0.29173845
2020-10-27,-0.29173845
2020-10-28,-0.29173845
2020-10-29,-0.29173845
2020-10-30,-0.29173845
2020-10-31,-0.29173845
2020-11-01,-0.21395564
2020-11-02,-0.21395564
2020-11-03,-0.21395564
2020-11-04,-0.21395564
2020-11-05,-0.21395564
2020-11-06,-0.21395564
2020-11-07,-0.21395564
2020-11-08,-0.21395564
2020-11-09,-0.21395564
2020-11-10,-0.21395564
2020-11-11,-0.21395564
2020-11-12,-0.21395564
2020-11-13,-0.21395564
2020-11-14,-0.21395564
2020-11-15,-0.21395564
2020-11-16,-0.21395564
2020-11-17,-0.21395564
2020-11-18,-0.21395564
2020-11-19,-0.21395564
2020-11-20,-0.21395564
2020-11-21,-0.21395564
2020-11-22,-0.21395564
2020-11-23,-0.21395564
2020-11-24,-0.21395564
2020-11-25,-0.21395564
2020-11-26,-0.21395564
2020-11-27,-0.21395564
2020-11-28,-0.21395564
2020-11-29,-0.21395564
2020-11-30,-0.21395564
2020-12-01,-0.23232146
2020-12-02,-0.23232146
2020-12-03,-0.23232146
2020-12-04,-0.23232146
2020-12-05,-0.23232146
2020-12-06,-0.23232146
2020-12-07,-0.23232146
2020-12-08,-0.23232146
2020-12-09,-0.23232146
2020-12-10,-0.23232146
2020-12-11,-0.23232146
2020-12-12,-0.23232146
2020-12-13,-0.23232146
2020-12-14,-0.23232146
2020-12-15,-0.23232146
2020-12-16,-0.23232146
2020-12-17,-0.23232146
2020-12-18,-0.23232146
2020-12-19,-0.23232146
2020-12-20,-0.23232146
2020-12-21,-0.23232146
2020-12-22,-0.23232146
2020-12-23,-0.23232146
2020-12-24,-0.23232146
2020-12-25,-0.23232146
2020-12-26,-0.23232146
2020-12-27,-0.23232146
2020-12-28,-0.23232146
2020-12-29,-0.23232146
2020-12-30,-0.23232146
2020-12-31,-0.23232146
2021-01-01,-0.23501721
2021-01-02,-0.23501721
2021-01-03,-0.23501721
2021-01-04,-0.23501721
2021-01-05,-0.23501721
2021-01-06,-0.23501721
2021-01-07,-0.23501721
2021-01-08,-0.23501721
2021-01-09,-0.23501721
2021-01-10,-0.23501721
2021-01-11,-0.23501721
2021-01-12,-0.23501721
2021-01-13,-0.23501721
2021-01-14,-0.23501721
2021-01-15,-0.23501721
2021-01-16,-0.23501721
2021-01-17,-0.23501721
2021-01-18,-0.23501721
2021-01-19,-0.23501721
2021-01-20,-0.23501721
2021-01-21,-0.23501721
2021-01-22,-0.23501721
2021-01-23,-0.23501721
2021-01-24,-0.23501721
2021-01-25,-0.23501721
2021-01-26,-0.23501721
2021-01-27,-0.23501721
2021-01-28,-0.23501721
2021-01-29,-0.23501721
2021-01-30,-0.23501721
2021-01-31,-0.23501721
2021-02-01,-0.2308238
2021-02-02,-0.2308238
2021-02-03,-0.2308238
2021-02-04,-0.2308238
2021-02-05,-0.2308238
2021-02-06,-0.2308238
2021-02-07,-0.2308238
2021-02-08,-0.2308238
2021-02-09,-0.2308238
2021-02-10,-0.2308238
2021-02-11,-0.2308238
2021-02-12,-0.2308238
2021-02-13,-0.2308238
2021-02-14,-0.2308238
2021-02-15,-0.2308238
2021-02-16,-0.2308238
2021-02-17,-0.2308238
2021-02-18,-0.2308238
2021-02-19,-0.2308238
2021-02-20,-0.2308238
2021-02-21,-0.2308238
2021-02-22,-0.2308238
2021-02-23,-0.2308238
2021-02-24,-0.2308238
2021-02-25,-0.2308238
2021-02-26,-0.2308238
2021-02-27,-0.2308238
2021-02-28,-0.2308238
2021-03-01,0.01250687
2021-03-02,0.01250687
2021-03-03,0.01250687
2021-03-04,0.01250687
2021-03-05,0.01250687
2021-03-06,0.01250687
2021-03-07,0.01250687
2021-03-08,0.01250687
2021-03-09,0.01250687
2021-03-10,0.01250687
2021-03-11,0.01250687
2021-03-12,0.01250687
2021-03-13,0.01250687
2021-03-14,0.01250687
2021-03-15,0.01250687
2021-03-16,0.01250687
2021-03-17,0.01250687
2021-03-18,0.01250687
2021-03-19,0.01250687
2021-03-20,0.01250687
2021-03-21,0.01250687
2021-03-22,0.01250687
2021-03-23,0.01250687
2021-03-24,0.01250687
2021-03-25,0.01250687
2021-03-26,0.01250687
2021-03-27,0.01250687
2021-03-28,0.01250687
2021-03-29,0.01250687
2021-03-30,0.01250687
2021-03-31,0.01250687
2021-04-01,0.11804694
2021-04-02,0.11804694
2021-04-03,0.11804694
2021-04-04,0.11804694
2021-04-05,0.11804694
2021-04-06,0.11804694
2021-04-07,0.11804694
2021-04-08,0.11804694
2021-04-09,0.11804694
2021-04-10,0.11804694
2021-04-11,0.11804694
2021-04-12,0.11804694
2021-04-13,0.11804694
2021-04-14,0.11804694
2021-04-15,0.11804694
2021-04-16,0.11804694
2021-04-17,0.11804694
2021-04-18,0.11804694
2021-04-19,0.11804694
2021-04-20,0.11804694
2021-04-21,0.11804694
2021-04-22,0.11804694
2021-04-23,0.11804694
2021-04-24,0.11804694
2021-04-25,0.11804694
2021-04-26,0.11804694
2021-04-27,0.11804694
2021-04-28,0.11804694
2021-04-29,0.11804694
2021-04-30,0.11804694
2021-05-01,0.03694758
2021-05-02,0.03694758
2021-05-03,0.03694758
2021-05-04,0.03694758
2021-05-05,0.03694758
2021-05-06,0.03694758
2021-05-07,0.03694758
2021-05-08,0.03694758
2021-05-09,0.03694758
2021-05-10,0.03694758
2021-05-11,0.03694758
2021-05-12,0.03694758
2021-05-13,0.03694758
2021-05-14,0.03694758
2021-05-15,0.03694758
2021-05-16,0.03694758
2021-05-17,0.03694758
2021-05-18,0.03694758
2021-05-19,0.03694758
2021-05-20,0.03694758
2021-05-21,0.03694758
2021-05-22,0.03694758
2021-05-23,0.03694758
2021-05-24,0.03694758
2021-05-25,0.03694758
2021-05-26,0.03694758
2021-05-27,0.03694758
2021-05-28,0.03694758
2021-05-29,0.03694758
2021-05-30,0.03694758
2021-05-31,0.03694758
2021-06-01,-0.00566485
2021-06-02,-0.00566485
2021-06-03,-0.00566485
2021-06-04,-0.00566485
2021-06-05,-0.00566485
2021-06-06,-0.00566485
2021-06-07,-0.00566485
2021-06-08,-0.00566485
2021-06-09,-0.00566485
2021-06-10,-0.00566485
2021-06-11,-0.00566485
2021-06-12,-0.00566485
2021-06-13,-0.00566485
2021-06-14,-0.00566485
2021-06-15,-0.00566485
2021-06-16,-0.00566485
2021-06-17,-0.00566485
2021-06-18,-0.00566485
2021-06-19,-0.00566485
2021-06-20,-0.00566485
2021-06-21,-0.00566485
2021-06-22,-0.00566485
2021-06-23,-0.00566485
2021-06-24,-0.00566485
2021-06-25,-0.00566485
2021-06-26,-0.00566485
2021-06-27,-0.00566485
2021-06-28,-0.00566485
2021-06-29,-0.00566485
2021-06-30,-0.00566485
2021-07-01,0.03504108
2021-07-02,0.03504108
2021-07-03,0.03504108
2021-07-04,0.03504108
2021-07-05,0.03504108
2021-07-06,0.03504108
2021-07-07,0.03504108
2021-07-08,0.03504108
2021-07-09,0.03504108
2021-07-10,0.03504108
2021-07-11,0.03504108
2021-07-12,0.03504108
2021-07-13,0.03504108
2021-07-14,0.03504108
2021-07-15,0.03504108
2021-07-16,0.03504108
2021-07-17,0.03504108
2021-07-18,0.03504108
2021-07-19,0.03504108
2021-07-20,0.03504108
2021-07-21,0.03504108
2021-07-22,0.03504108
2021-07-23,0.03504108
2021-07-24,0.03504108
2021-07-25,0.03504108
2021-07-26,0.03504108
2021-07-27,0.03504108
2021-07-28,0.03504108
2021-07-29,0.03504108
2021-07-30,0.03504108
2021-07-31,0.03504108
2021-08-01,-0.26101879
2021-08-02,-0.26101879
2021-08-03,-0.26101879
2021-08-04,-0.26101879
2021-08-05,-0.26101879
2021-08-06,-0.26101879
2021-08-07,-0.26101879
2021-08-08,-0.26101879
2021-08-09,-0.26101879
2021-08-10,-0.26101879
2021-08-11,-0.26101879
2021-08-12,-0.26101879
2021-08-13,-0.26101879
2021-08-14,-0.26101879
2021-08-15,-0.26101879
2021-08-16,-0.26101879
2021-08-17,-0.26101879
2021-08-18,-0.26101879
2021-08-19,-0.26101879
2021-08-20,-0.26101879
2021-08-21,-0.26101879
2021-08-22,-0.26101879
2021-08-23,-0.26101879
2021-08-24,-0.26101879
2021-08-25,-0.26101879
2021-08-26,-0.26101879
2021-08-27,-0.26101879
2021-08-28,-0.26101879
2021-08-29,-0.26101879
2021-08-30,-0.26101879
2021-08-31,-0.26101879
2021-09-01,-0.19473087
2021-09-02,-0.19473087
2021-09-03,-0.19473087
2021-09-04,-0.19473087
2021-09-05,-0.19473087
2021-09-06,-0.19473087
2021-09-07,-0.19473087
2021-09-08,-0.19473087
2021-09-09,-0.19473087
2021-09-10,-0.19473087
2021-09-11,-0.19473087
2021-09-12,-0.19473087
2021-09-13,-0.19473087
2021-09-14,-0.19473087
2021-09-15,-0.19473087
2021-09-16,-0.19473087
2021-09-17,-0.19473087
2021-09-18,-0.19473087
2021-09-19,-0.19473087
2021-09-20,-0.19473087
2021-09-21,-0.19473087
2021-09-22,-0.19473087
2021-09-23,-0.19473087
2021-09-24,-0.19473087
2021-09-25,-0.19473087
2021-09-26,-0.19473087
2021-09-27,-0.19473087
2021-09-28,-0.19473087
2021-09-29,-0.19473087
2021-09-30,-0.19473087
2021-10-01,0.08790114
2021-10-02,0.08790114
2021-10-03,0.08790114
2021-10-04,0.08790114
2021-10-05,0.08790114
2021-10-06,0.08790114
2021-10-07,0.08790114
2021-10-08,0.08790114
2021-10-09,0.08790114
2021-10-10,0.08790114
2021-10-11,0.08790114
2021-10-12,0.08790114
2021-10-13,0.08790114
2021-10-14,0.08790114
2021-10-15,0.08790114
2021-10-16,0.08790114
2021-10-17,0.08790114
2021-10-18,0.08790114
2021-10-19,0.08790114
2021-10-20,0.08790114
2021-10-21,0.08790114
2021-10-22,0.08790114
2021-10-23,0.08790114
2021-10-24,0.08790114
2021-10-25,0.08790114
2021-10-26,0.08790114
2021-10-27,0.08790114
2021-10-28,0.08790114
2021-10-29,0.08790114
2021-10-30,0.08790114
2021-10-31,0.08790114
2021-11-01,0.16399788
2021-11-02,0.16399788
2021-11-03,0.16399788
2021-11-04,0.16399788
2021-11-05,0.16399788
2021-11-06,0.16399788
2021-11-07,0.16399788
2021-11-08,0.16399788
2021-11-09,0.16399788
2021-11-10,0.16399788
2021-11-11,0.16399788
2021-11-12,0.16399788
2021-11-13,0.16399788
2021-11-14,0.16399788
2021-11-15,0.16399788
2021-11-16,0.16399788
2021-11-17,0.16399788
2021-11-18,0.16399788
2021-11-19,0.16399788
2021-11-20,0.16399788
2021-11-21,0.16399788
2021-11-22,0.16399788
2021-11-23,0.16399788
2021-11-24,0.16399788
2021-11-25,0.16399788
2021-11-26,0.16399788
2021-11-27,0.16399788
2021-11-28,0.16399788
2021-11-29,0.16399788
2021-11-30,0.16399788
2021-12-01,0.09168917
2021-12-02,0.09168917
2021-12-03,0.09168917
2021-12-04,0.09168917
2021-12-05,0.09168917
2021-12-06,0.09168917
2021-12-07,0.09168917
2021-12-08,0.09168917
2021-12-09,0.09168917
2021-12-10,0.09168917
2021-12-11,0.09168917
2021-12-12,0.09168917
2021-12-13,0.09168917
2021-12-14,0.09168917
2021-12-15,0.09168917
2021-12-16,0.09168917
2021-12-17,0.09168917
2021-12-18,0.09168917
2021-12-19,0.09168917
2021-12-20,0.09168917
2021-12-21,0.09168917
2021-12-22,0.09168917
2021-12-23,0.09168917
2021-12-24,0.09168917
2021-12-25,0.09168917
2021-12-26,0.09168917
2021-12-27,0.09168917
2021-12-28,0.09168917
2021-12-29,0.09168917
2021-12-30,0.09168917
2021-12-31,0.09168917
2022-01-01,0.3194951
2022-01-02,0.3194951
2022-01-03,0.3194951
2022-01-04,0.3194951
2022-01-05,0.3194951
2022-01-06,0.3194951
2022-01-07,0.3194951
2022-01-08,0.3194951
2022-01-09,0.3194951
2022-01-10,0.3194951
2022-01-11,0.3194951
2022-01-12,0.3194951
2022-01-13,0.3194951
2022-01-14,0.3194951
2022-01-15,0.3194951
2022-01-16,0.3194951
2022-01-17,0.3194951
2022-01-18,0.3194951
2022-01-19,0.3194951
2022-01-20,0.3194951
2022-01-21,0.3194951
2022-01-22,0.3194951
2022-01-23,0.3194951
2022-01-24,0.3194951
2022-01-25,0.3194951
2022-01-26,0.3194951
2022-01-27,0.3194951
2022-01-28,0.3194951
2022-01-29,0.3194951
2022-01-30,0.3194951
2022-01-31,0.3194951
2022-02-01,0.44159289
2022-02-02,0.44159289
2022-02-03,0.44159289
2022-02-04,0.44159289
2022-02-05,0.44159289
2022-02-06,0.44159289
2022-02-07,0.44159289
2022-02-08,0.44159289
2022-02-09,0.44159289
2022-02-10,0.44159289
2022-02-11,0.44159289
2022-02-12,0.44159289
2022-02-13,0.44159289
2022-02-14,0.44159289
2022-02-15,0.44159289
2022-02-16,0.44159289
2022-02-17,0.44159289
2022-02-18,0.44159289
2022-02-19,0.44159289
2022-02-20,0.44159289
2022-02-21,0.44159289
2022-02-22,0.44159289
2022-02-23,0.44159289
2022-02-24,0.44159289
2022-02-25,0.44159289
2022-02-26,0.44159289
2022-02-27,0.44159289
2022-02-28,0.44159289
2022-03-01,0.34708992
2022-03-02,0.34708992
2022-03-03,0.34708992
2022-03-04,0.34708992
2022-03-05,0.34708992
2022-03-06,0.34708992
2022-03-07,0.34708992
2022-03-08,0.34708992
2022-03-09,0.34708992
2022-03-10,0.34708992
2022-03-11,0.34708992
2022-03-12,0.34708992
2022-03-13,0.34708992
2022-03-14,0.34708992
2022-03-15,0.34708992
2022-03-16,0.34708992
2022-03-17,0.34708992
2022-03-18,0.34708992
2022-03-19,0.34708992
2022-03-20,0.34708992
2022-03-21,0.34708992
2022-03-22,0.34708992
2022-03-23,0.34708992
2022-03-24,0.34708992
2022-03-25,0.34708992
2022-03-26,0.34708992
2022-03-27,0.34708992
2022-03-28,0.34708992
2022-03-29,0.34708992
2022-03-30,0.34708992
2022-03-31,0.34708992
2022-04-01,0.94940027
2022-04-02,0.94940027
2022-04-03,0.94940027
2022-04-04,0.94940027
2022-04-05,0.94940027
2022-04-06,0.94940027
2022-04-07,0.94940027
2022-04-08,0.94940027
2022-04-09,0.94940027
2022-04-10,0.94940027
2022-04-11,0.94940027
2022-04-12,0.94940027
2022-04-13,0.94940027
2022-04-14,0.94940027
2022-04-15,0.94940027
2022-04-16,0.94940027
2022-04-17,0.94940027
2022-04-18,0.94940027
2022-04-19,0.94940027
2022-04-20,0.94940027
2022-04-21,0.94940027
2022-04-22,0.94940027
2022-04-23,0.94940027
2022-04-24,0.94940027
2022-04-25,0.94940027
2022-04-26,0.94940027
2022-04-27,0.94940027
2022-04-28,0.94940027
2022-04-29,0.94940027
2022-04-30,0.94940027
2022-05-01,1.20389776
2022-05-02,1.20389776
2022-05-03,1.20389776
2022-05-04,1.20389776
2022-05-05,1.20389776
2022-05-06,1.20389776
2022-05-07,1.20389776
2022-05-08,1.20389776
2022-05-09,1.20389776
2022-05-10,1.20389776
2022-05-11,1.20389776
2022-05-12,1.20389776
2022-05-13,1.20389776
2022-05-14,1.20389776
2022-05-15,1.20389776
2022-05-16,1.20389776
2022-05-17,1.20389776
2022-05-18,1.20389776
2022-05-19,1.20389776
2022-05-20,1.20389776
2022-05-21,1.20389776
2022-05-22,1.20389776
2022-05-23,1.20389776
2022-05-24,1.20389776
2022-05-25,1.20389776
2022-05-26,1.20389776
2022-05-27,1.20389776
2022-05-28,1.20389776
2022-05-29,1.20389776
2022-05-30,1.20389776
2022-05-31,1.20389776
2022-06-01,1.02509351
2022-06-02,1.02509351
2022-06-03,1.02509351
2022-06-04,1.02509351
2022-06-05,1.02509351
2022-06-06,1.02509351
2022-06-07,1.02509351
2022-06-08,1.02509351
2022-06-09,1.02509351
2022-06-10,1.02509351
2022-06-11,1.02509351
2022-06-12,1.02509351
2022-06-13,1.02509351
2022-06-14,1.02509351
2022-06-15,1.02509351
2022-06-16,1.02509351
2022-06-17,1.02509351
2022-06-18,1.02509351
2022-06-19,1.02509351
2022-06-20,1.02509351
2022-06-21,1.02509351
2022-06-22,1.02509351
2022-06-23,1.02509351
2022-06-24,1.02509351
2022-06-25,1.02509351
2022-06-26,1.02509351
2022-06-27,1.02509351
2022-06-28,1.02509351
2022-06-29,1.02509351
2022-06-30,1.02509351
2022-07-01,1.06217493
2022-07-02,1.06217493
2022-07-03,1.06217493
2022-07-04,1.06217493
2022-07-05,1.06217493
2022-07-06,1.06217493
2022-07-07,1.06217493
2022-07-08,1.06217493
2022-07-09,1.06217493
2022-07-10,1.06217493
2022-07-11,1.06217493
2022-07-12,1.06217493
2022-07-13,1.06217493
2022-07-14,1.06217493
2022-07-15,1.06217493
2022-07-16,1.06217493
2022-07-17,1.06217493
2022-07-18,1.06217493
2022-07-19,1.06217493
2022-07-20,1.06217493
2022-07-21,1.06217493
2022-07-22,1.06217493
2022-07-23,1.06217493
2022-07-24,1.06217493
2022-07-25,1.06217493
2022-07-26,1.06217493
2022-07-27,1.06217493
2022-07-28,1.06217493
2022-07-29,1.06217493
2022-07-30,1.06217493
2022-07-31,1.06217493
2022-08-01,0.8556253
2022-08-02,0.8556253
2022-08-03,0.8556253
2022-08-04,0.8556253
2022-08-05,0.8556253
2022-08-06,0.8556253
2022-08-07,0.8556253
2022-08-08,0.8556253
2022-08-09,0.8556253
2022-08-10,0.8556253
2022-08-11,0.8556253
2022-08-12,0.8556253
2022-08-13,0.8556253
2022-08-14,0.8556253
2022-08-15,0.8556253
2022-08-16,0.8556253
2022-08-17,0.8556253
2022-08-18,0.8556253
2022-08-19,0.8556253
2022-08-20,0.8556253
2022-08-21,0.8556253
2022-08-22,0.8556253
2022-08-23,0.8556253
2022-08-24,0.8556253
2022-08-25,0.8556253
2022-08-26,0.8556253
2022-08-27,0.8556253
2022-08-28,0.8556253
2022-08-29,0.8556253
2022-08-30,0.8556253
2022-08-31,0.8556253
2022-09-01,1.20424868
2022-09-02,1.20424868
2022-09-03,1.20424868
2022-09-04,1.20424868
2022-09-05,1.20424868
2022-09-06,1.20424868
2022-09-07,1.20424868
2022-09-08,1.20424868
2022-09-09,1.20424868
2022-09-10,1.20424868
2022-09-11,1.20424868
2022-09-12,1.20424868
2022-09-13,1.20424868
2022-09-14,1.20424868
2022-09-15,1.20424868
2022-09-16,1.20424868
2022-09-17,1.20424868
2022-09-18,1.20424868
2022-09-19,1.20424868
2022-09-20,1.20424868
2022-09-21,1.20424868
2022-09-22,1.20424868
2022-09-23,1.20424868
2022-09-24,1.20424868
2022-09-25,1.20424868
2022-09-26,1.20424868
2022-09-27,1.20424868
2022-09-28,1.20424868
2022-09-29,1.20424868
2022-09-30,1.20424868
2022-10-01,1.79733203
2022-10-02,1.79733203
2022-10-03,1.79733203
2022-10-04,1.79733203
2022-10-05,1.79733203
2022-10-06,1.79733203
2022-10-07,1.79733203
2022-10-08,1.79733203
2022-10-09,1.79733203
2022-10-10,1.79733203
2022-10-11,1.79733203
2022-10-12,1.79733203
2022-10-13,1.79733203
2022-10-14,1.79733203
2022-10-15,1.79733203
2022-10-16,1.79733203
2022-10-17,1.79733203
2022-10-18,1.79733203
2022-10-19,1.79733203
2022-10-20,1.79733203
2022-10-21,1.79733203
2022-10-22,1.79733203
2022-10-23,1.79733203
2022-10-24,1.79733203
2022-10-25,1.79733203
2022-10-26,1.79733203
2022-10-27,1.79733203
2022-10-28,1.79733203
2022-10-29,1.79733203
2022-10-30,1.79733203
2022-10-31,1.79733203
2022-11-01,1.93071305
2022-11-02,1.93071305
2022-11-03,1.93071305
2022-11-04,1.93071305
2022-11-05,1.93071305
2022-11-06,1.93071305
2022-11-07,1.93071305
2022-11-08,1.93071305
2022-11-09,1.93071305
2022-11-10,1.93071305
2022-11-11,1.93071305
2022-11-12,1.93071305
2022-11-13,1.93071305
2022-11-14,1.93071305
2022-11-15,1.93071305
2022-11-16,1.93071305
2022-11-17,1.93071305
2022-11-18,1.93071305
2022-11-19,1.93071305
2022-11-20,1.93071305
2022-11-21,1.93071305
2022-11-22,1.93071305
2022-11-23,1.93071305
2022-11-24,1.93071305
2022-11-25,1.93071305
2022-11-26,1.93071305
2022-11-27,1.93071305
2022-11-28,1.93071305
2022-11-29,1.93071305
2022-11-30,1.93071305
2022-12-01,1.57612515
2022-12-02,1.57612515
2022-12-03,1.57612515
2022-12-04,1.57612515
2022-12-05,1.57612515
2022-12-06,1.57612515
2022-12-07,1.57612515
2022-12-08,1.57612515
2022-12-09,1.57612515
2022-12-10,1.57612515
2022-12-11,1.57612515
2022-12-12,1.57612515
2022-12-13,1.57612515
2022-12-14,1.57612515
2022-12-15,1.57612515
2022-12-16,1.57612515
2022-12-17,1.57612515
2022-12-18,1.57612515
2022-12-19,1.57612515
2022-12-20,1.57612515
2022-12-21,1.57612515
2022-12-22,1.57612515
2022-12-23,1.57612515
2022-12-24,1.57612515
2022-12-25,1.57612515
2022-12-26,1.57612515
2022-12-27,1.57612515
2022-12-28,1.57612515
2022-12-29,1.57612515
2022-12-30,1.57612515
2022-12-31,1.57612515
2023-01-01,1.78309897
2023-01-02,1.78309897
2023-01-03,1.78309897
2023-01-04,1.78309897
2023-01-05,1.78309897
2023-01-06,1.78309897
2023-01-07,1.78309897
2023-01-08,1.78309897
2023-01-09,1.78309897
2023-01-10,1.78309897
2023-01-11,1.78309897
2023-01-12,1.78309897
2023-01-13,1.78309897
2023-01-14,1.78309897
2023-01-15,1.78309897
2023-01-16,1.78309897
2023-01-17,1.78309897
2023-01-18,1.78309897
2023-01-19,1.78309897
2023-01-20,1.78309897
2023-01-21,1.78309897
2023-01-22,1.78309897
2023-01-23,1.78309897
2023-01-24,1.78309897
2023-01-25,1.78309897
2023-01-26,1.78309897
2023-01-27,1.78309897
2023-01-28,1.78309897
2023-01-29,1.78309897
2023-01-30,1.78309897
2023-01-31,1.78309897
2023-02-01,1.42020217
2023-02-02,1.42020217
2023-02-03,1.42020217
2023-02-04,1.42020217
2023-02-05,1.42020217
2023-02-06,1.42020217
2023-02-07,1.42020217
2023-02-08,1.42020217
2023-02-09,1.42020217
2023-02-10,1.42020217
2023-02-11,1.42020217
2023-02-12,1.42020217
2023-02-13,1.42020217
2023-02-14,1.42020217
2023-02-15,1.42020217
2023-02-16,1.42020217
2023-02-17,1.42020217
2023-02-18,1.42020217
2023-02-19,1.42020217
2023-02-20,1.42020217
2023-02-21,1.42020217
2023-02-22,1.42020217
2023-02-23,1.42020217
2023-02-24,1.42020217
2023-02-25,1.42020217
2023-02-26,1.42020217
2023-02-27,1.42020217
2023-02-28,1.42020217
2023-03-01,2.05963636
2023-03-02,2.05963636
2023-03-03,2.05963636
2023-03-04,2.05963636
2023-03-05,2.05963636
2023-03-06,2.05963636
2023-03-07,2.05963636
2023-03-08,2.05963636
2023-03-09,2.05963636
2023-03-10,2.05963636
2023-03-11,2.05963636
2023-03-12,2.05963636
2023-03-13,2.05963636
2023-03-14,2.05963636
2023-03-15,2.05963636
2023-03-16,2.05963636
2023-03-17,2.05963636
2023-03-18,2.05963636
2023-03-19,2.05963636
2023-03-20,2.05963636
2023-03-21,2.05963636
2023-03-22,2.05963636
2023-03-23,2.05963636
2023-03-24,2.05963636
2023-03-25,2.05963636
2023-03-26,2.05963636
2023-03-27,2.05963636
2023-03-28,2.05963636
2023-03-29,2.05963636
2023-03-30,2.05963636
2023-03-31,2.05963636
2023-04-01,1.44391386
2023-04-02,1.44391386
2023-04-03,1.44391386
2023-04-04,1.44391386
2023-04-05,1.44391386
2023-04-06,1.44391386
2023-04-07,1.44391386
2023-04-08,1.44391386
2023-04-09,1.44391386
2023-04-10,1.44391386
2023-04-11,1.44391386
2023-04-12,1.44391386
2023-04-13,1.44391386
2023-04-14,1.44391386
2023-04-15,1.44391386
2023-04-16,1.44391386
2023-04-17,1.44391386
2023-04-18,1.44391386
2023-04-19,1.44391386
2023-04-20,1.44391386
2023-04-21,1.44391386
2023-04-22,1.44391386
2023-04-23,1.44391386
2023-04-24,1.44391386
2023-04-25,1.44391386
2023-04-26,1.44391386
2023-04-27,1.44391386
2023-04-28,1.44391386
2023-04-29,1.44391386
2023-04-30,1.44391386
2023-05-01,1.53690406
2023-05-02,1.53690406
2023-05-03,1.53690406
2023-05-04,1.53690406
2023-05-05,1.53690406
2023-05-06,1.53690406
2023-05-07,1.53690406
2023-05-08,1.53690406
2023-05-09,1.53690406
2023-05-10,1.53690406
2023-05-11,1.53690406
2023-05-12,1.53690406
2023-05-13,1.53690406
2023-05-14,1.53690406
2023-05-15,1.53690406
2023-05-16,1.53690406
2023-05-17,1.53690406
2023-05-18,1.53690406
2023-05-19,1.53690406
2023-05-20,1.53690406
2023-05-21,1.53690406
2023-05-22,1.53690406
2023-05-23,1.53690406
2023-05-24,1.53690406
2023-05-25,1.53690406
2023-05-26,1.53690406
2023-05-27,1.53690406
2023-05-28,1.53690406
2023-05-29,1.53690406
2023-05-30,1.53690406
2023-05-31,1.53690406
2023-06-01,1.06063107
2023-06-02,1.06063107
2023-06-03,1.06063107
2023-06-04,1.06063107
2023-06-05,1.06063107
2023-06-06,1.06063107
2023-06-07,1.06063107
2023-06-08,1.06063107
2023-06-09,1.06063107
2023-06-10,1.06063107
2023-06-11,1.06063107
2023-06-12,1.06063107
2023-06-13,1.06063107
2023-06-14,1.06063107
2023-06-15,1.06063107
2023-06-16,1.06063107
2023-06-17,1.06063107
2023-06-18,1.06063107
2023-06-19,1.06063107
2023-06-20,1.06063107
2023-06-21,1.06063107
2023-06-22,1.06063107
2023-06-23,1.06063107
2023-06-24,1.06063107
2023-06-25,1.06063107
2023-06-26,1.06063107
2023-06-27,1.06063107
2023-06-28,1.06063107
2023-06-29,1.06063107
2023-06-30,1.06063107
2023-07-01,1.4260473
2023-07-02,1.4260473
2023-07-03,1.4260473
2023-07-04,1.4260473
2023-07-05,1.4260473
2023-07-06,1.4260473
2023-07-07,1.4260473
2023-07-08,1.4260473
2023-07-09,1.4260473
2023-07-10,1.4260473
2023-07-11,1.4260473
2023-07-12,1.4260473
2023-07-13,1.4260473
2023-07-14,1.4260473
2023-07-15,1.4260473
2023-07-16,1.4260473
2023-07-17,1.4260473
2023-07-18,1.4260473
2023-07-19,1.4260473
2023-07-20,1.4260473
2023-07-21,1.4260473
2023-07-22,1.4260473
2023-07-23,1.4260473
2023-07-24,1.4260473
2023-07-25,1.4260473
2023-07-26,1.4260473
2023-07-27,1.4260473
2023-07-28,1.4260473
2023-07-29,1.4260473
2023-07-30,1.4260473
2023-07-31,1.4260473
2023-08-01,1.60209539
2023-08-02,1.60209539
2023-08-03,1.60209539
2023-08-04,1.60209539
2023-08-05,1.60209539
2023-08-06,1.60209539
2023-08-07,1.60209539
2023-08-08,1.60209539
2023-08-09,1.60209539
2023-08-10,1.60209539
2023-08-11,1.60209539
2023-08-12,1.60209539
2023-08-13,1.60209539
2023-08-14,1.60209539
2023-08-15,1.60209539
2023-08-16,1.60209539
2023-08-17,1.60209539
2023-08-18,1.60209539
2023-08-19,1.60209539
2023-08-20,1.60209539
2023-08-21,1.60209539
2023-08-22,1.60209539
2023-08-23,1.60209539
2023-08-24,1.60209539
2023-08-25,1.60209539
2023-08-26,1.60209539
2023-08-27,1.60209539
2023-08-28,1.60209539
2023-08-29,1.60209539
2023-08-30,1.60209539
2023-08-31,1.60209539
2023-09-01,1.69970754
2023-09-02,1.69970754
2023-09-03,1.69970754
2023-09-04,1.69970754
2023-09-05,1.69970754
2023-09-06,1.69970754
2023-09-07,1.69970754
2023-09-08,1.69970754
2023-09-09,1.69970754
2023-09-10,1.69970754
2023-09-11,1.69970754
2023-09-12,1.69970754
2023-09-13,1.69970754
2023-09-14,1.69970754
2023-09-15,1.69970754
2023-09-16,1.69970754
2023-09-17,1.69970754
2023-09-18,1.69970754
2023-09-19,1.69970754
2023-09-20,1.69970754
2023-09-21,1.69970754
2023-09-22,1.69970754
2023-09-23,1.69970754
2023-09-24,1.69970754
2023-09-25,1.69970754
2023-09-26,1.69970754
2023-09-27,1.69970754
2023-09-28,1.69970754
2023-09-29,1.69970754
2023-09-30,1.69970754
2023-10-01,2.08453328
2023-10-02,2.08453328
2023-10-03,2.08453328
2023-10-04,2.08453328
2023-10-05,2.08453328
2023-10-06,2.08453328
2023-10-07,2.08453328
2023-10-08,2.08453328
2023-10-09,2.08453328
2023-10-10,2.08453328
2023-10-11,2.08453328
2023-10-12,2.08453328
2023-10-13,2.08453328
2023-10-14,2.08453328
2023-10-15,2.08453328
2023-10-16,2.08453328
2023-10-17,2.08453328
2023-10-18,2.08453328
2023-10-19,2.08453328
2023-10-20,2.08453328
2023-10-21,2.08453328
2023-10-22,2.08453328
2023-10-23,2.08453328
2023-10-24,2.08453328
2023-10-25,2.08453328
2023-10-26,2.08453328
2023-10-27,2.08453328
2023-10-28,2.08453328
2023-10-29,2.08453328
2023-10-30,2.08453328
2023-10-31,2.08453328
